publish_date,positive,negative,neutral,compound,country,language
2019-04-06,0,0.152,0.848,-0.3252,Zimbabwe,ENG
2019-04-03,0,0.281,0.719,-0.5994,Zimbabwe,ENG
2019-04-05,0,0.286,0.714,-0.4939,Zimbabwe,ENG
2019-04-07,0.497,0,0.503,0.872,Zimbabwe,ENG
2019-04-09,0,0,1,0,Zimbabwe,ENG
2019-03-17,0,0.187,0.813,-0.3182,Zimbabwe,ENG
2019-04-11,0.183,0.183,0.635,0,Zimbabwe,ENG
2019-04-11,0.256,0,0.744,0.4767,Zimbabwe,ENG
2019-04-10,0,0,1,0,Zimbabwe,ENG
2019-04-10,0,0.182,0.818,-0.25,Zimbabwe,ENG
2019-04-10,0,0.346,0.654,-0.5719,Zimbabwe,ENG
2019-04-10,0,0,1,0,Zimbabwe,ENG
2019-04-10,0.256,0,0.744,0.4767,Zimbabwe,ENG
2019-04-10,0.43,0,0.57,0.7783,Zimbabwe,ENG
2019-04-10,0,0.173,0.827,-0.3182,Zimbabwe,ENG
2019-04-10,0,0,1,0,Zimbabwe,ENG
2019-04-11,0,0.242,0.758,-0.4939,Zimbabwe,ENG
2019-04-11,0,0,1,0,Zimbabwe,ENG
2019-04-11,0.27,0.295,0.435,-0.0754,Zimbabwe,ENG
2019-04-11,0,0.194,0.806,-0.0516,Zimbabwe,ENG
2019-04-11,0,0,1,0,Zimbabwe,ENG
2019-04-11,0,0,1,0,Zimbabwe,ENG
2019-04-13,0,0.325,0.675,-0.6486,Zimbabwe,ENG
2019-04-12,0,0.182,0.818,-0.4404,Zimbabwe,ENG
2019-04-12,0,0,1,0,Zimbabwe,ENG
2019-04-14,0.252,0,0.748,0.4019,Zimbabwe,ENG
2019-04-15,0,0.174,0.826,-0.2732,Zimbabwe,ENG
2019-04-15,0.171,0.133,0.696,0.1531,Zimbabwe,ENG
2019-04-15,0,0,1,0,Zimbabwe,ENG
2019-04-12,0,0.383,0.617,-0.4767,Zimbabwe,ENG
2019-04-16,0,0,1,0,Zimbabwe,ENG
2019-04-18,0,0.606,0.394,-0.7717,Zimbabwe,ENG
2019-04-17,0,0,1,0,Zimbabwe,ENG
2019-04-17,0,0,1,0,Zimbabwe,ENG
2019-04-18,0,0.421,0.579,-0.6249,Zimbabwe,ENG
2019-04-18,0,0.421,0.579,-0.6249,Zimbabwe,ENG
2019-04-18,0,0.262,0.738,-0.4939,Zimbabwe,ENG
2019-04-19,0,0.441,0.559,-0.743,Zimbabwe,ENG
2019-04-16,0,0,1,0,Zimbabwe,ENG
2019-04-21,0,0.358,0.642,-0.5994,Zimbabwe,ENG
2019-04-21,0.096,0.163,0.741,-0.2263,Zimbabwe,ENG
2019-04-20,0,0.247,0.753,-0.3182,Zimbabwe,ENG
2019-04-23,0,0.435,0.565,-0.7717,Zimbabwe,ENG
2019-04-22,0.279,0,0.721,0.4767,Zimbabwe,ENG
2019-04-23,0,0,1,0,Zimbabwe,ENG
2019-04-20,0,0.247,0.753,-0.3182,Zimbabwe,ENG
2019-04-25,0,0,1,0,Zimbabwe,ENG
2019-04-25,0.2,0.217,0.583,-0.0516,Zimbabwe,ENG
2019-04-25,0,0,1,0,Zimbabwe,ENG
2019-04-26,0,0.293,0.707,-0.4404,Zimbabwe,ENG
2019-04-26,0,0.119,0.881,-0.3182,Zimbabwe,ENG
2019-04-27,0,0.431,0.569,-0.6486,Zimbabwe,ENG
2019-04-26,0,0.205,0.795,-0.4767,Zimbabwe,ENG
2019-04-24,0,0,1,0,Zimbabwe,ENG
2019-04-26,0,0,1,0,Zimbabwe,ENG
2019-04-26,0,0,1,0,Zimbabwe,ENG
2019-04-28,0,0,1,0,Zimbabwe,ENG
2019-04-24,0.375,0,0.625,0.4588,Zimbabwe,ENG
2019-04-29,0,0.256,0.744,-0.4767,Zimbabwe,ENG
2019-03-12,0,0.392,0.608,-0.7964,Zimbabwe,ENG
2019-03-13,0,0,1,0,Zimbabwe,ENG
2019-03-13,0,0,1,0,Zimbabwe,ENG
2019-03-13,0,0.257,0.743,-0.6705,Zimbabwe,ENG
2019-03-13,0,0,1,0,Zimbabwe,ENG
2019-03-08,0,0.344,0.656,-0.2732,Zimbabwe,ENG
2019-03-14,0,0.097,0.903,-0.1027,Zimbabwe,ENG
2019-03-08,0,0,1,0,Zimbabwe,ENG
2019-03-08,0,0,1,0,Zimbabwe,ENG
2019-03-14,0,0,1,0,Zimbabwe,ENG
2019-03-14,0,0.259,0.741,-0.2732,Zimbabwe,ENG
2019-03-08,0,0,1,0,Zimbabwe,ENG
2019-03-15,0,0.189,0.811,-0.1027,Zimbabwe,ENG
2019-03-15,0,0,1,0,Zimbabwe,ENG
2019-03-15,0,0,1,0,Zimbabwe,ENG
2019-03-15,0,0,1,0,Zimbabwe,ENG
2019-03-16,0,0,1,0,Zimbabwe,ENG
2019-03-16,0,0,1,0,Zimbabwe,ENG
2019-03-16,0,0,1,0,Zimbabwe,ENG
2019-03-16,0,0,1,0,Zimbabwe,ENG
2019-03-16,0,0.417,0.583,-0.6486,Zimbabwe,ENG
2019-03-16,0,0.149,0.851,-0.1027,Zimbabwe,ENG
2019-03-11,0,0,1,0,Zimbabwe,ENG
2019-03-16,0,0.247,0.753,-0.5574,Zimbabwe,ENG
2019-03-16,0,0,1,0,Zimbabwe,ENG
2019-03-16,0,0,1,0,Zimbabwe,ENG
2019-03-16,0,0,1,0,Zimbabwe,ENG
2019-03-11,0,0.333,0.667,-0.5423,Zimbabwe,ENG
2019-03-16,0,0,1,0,Zimbabwe,ENG
2019-03-16,0,0,1,0,Zimbabwe,ENG
2019-03-16,0,0.32,0.68,-0.5106,Zimbabwe,ENG
2019-03-11,0,0,1,0,Zimbabwe,ENG
2019-03-16,0,0.358,0.642,-0.5994,Zimbabwe,ENG
2019-03-16,0,0.394,0.606,-0.5994,Zimbabwe,ENG
2019-03-16,0,0.545,0.455,-0.8555,Zimbabwe,ENG
2019-03-16,0,0.454,0.546,-0.8519,Zimbabwe,ENG
2019-03-11,0,0,1,0,Zimbabwe,ENG
2019-03-16,0.277,0,0.723,0.3182,Zimbabwe,ENG
2019-03-16,0,0,1,0,Zimbabwe,ENG
2019-03-16,0,0.268,0.732,-0.5106,Zimbabwe,ENG
2019-03-16,0,0.515,0.485,-0.6486,Zimbabwe,ENG
2019-03-16,0,0.23,0.77,-0.5848,Zimbabwe,ENG
2019-03-16,0,0,1,0,Zimbabwe,ENG
2019-03-16,0.122,0.472,0.406,-0.8591,Zimbabwe,ENG
2019-03-16,0,0.127,0.873,-0.1531,Zimbabwe,ENG
2019-03-16,0,0,1,0,Zimbabwe,ENG
2019-03-16,0,0.506,0.494,-0.6249,Zimbabwe,ENG
2019-03-16,0,0.451,0.549,-0.6249,Zimbabwe,ENG
2019-03-16,0,0.204,0.796,-0.3182,Zimbabwe,ENG
2019-03-16,0,0.248,0.752,-0.5106,Zimbabwe,ENG
2019-03-17,0,0.417,0.583,-0.6486,Zimbabwe,ENG
2019-03-17,0,0.417,0.583,-0.6486,Zimbabwe,ENG
2019-03-17,0,0.417,0.583,-0.6486,Zimbabwe,ENG
2019-03-16,0,0.478,0.522,-0.7506,Zimbabwe,ENG
2019-03-17,0,0.417,0.583,-0.6486,Zimbabwe,ENG
2019-03-17,0,0.306,0.694,-0.296,Zimbabwe,ENG
2019-03-17,0,0,1,0,Zimbabwe,ENG
2019-03-17,0,0.35,0.65,-0.6486,Zimbabwe,ENG
2019-03-17,0,0.35,0.65,-0.6486,Zimbabwe,ENG
2019-03-17,0,0,1,0,Zimbabwe,ENG
2019-03-17,0,0.321,0.679,-0.6369,Zimbabwe,ENG
2019-03-17,0,0.559,0.441,-0.5859,Zimbabwe,ENG
2019-03-17,0,0.362,0.638,-0.5267,Zimbabwe,ENG
2019-03-17,0,0.441,0.559,-0.743,Zimbabwe,ENG
2019-03-17,0,0.559,0.441,-0.5859,Zimbabwe,ENG
2019-03-17,0,0.328,0.672,-0.5994,Zimbabwe,ENG
2019-03-17,0,0.412,0.588,-0.5423,Zimbabwe,ENG
2019-03-17,0,0.562,0.438,-0.8271,Zimbabwe,ENG
2019-03-17,0,0.358,0.642,-0.5994,Zimbabwe,ENG
2019-03-17,0,0,1,0,Zimbabwe,ENG
2019-03-17,0,0.249,0.751,-0.6486,Zimbabwe,ENG
2019-03-17,0.268,0,0.732,0.5106,Zimbabwe,ENG
2019-03-17,0,0.155,0.845,-0.296,Zimbabwe,ENG
2019-03-17,0,0.438,0.562,-0.5994,Zimbabwe,ENG
2019-03-17,0,0.573,0.427,-0.92,Zimbabwe,ENG
2019-03-17,0,0.149,0.851,-0.5423,Zimbabwe,ENG
2019-03-17,0,0,1,0,Zimbabwe,ENG
2019-03-17,0,0.281,0.719,-0.5994,Zimbabwe,ENG
2019-03-17,0.139,0,0.861,0.4404,Zimbabwe,ENG
2019-03-17,0.3,0,0.7,0.7184,Zimbabwe,ENG
2019-03-17,0.193,0,0.807,0.4767,Zimbabwe,ENG
2019-03-17,0.211,0.32,0.469,-0.34,Zimbabwe,ENG
2019-03-18,0,0,1,0,Zimbabwe,ENG
2019-03-18,0.189,0,0.811,0.5664,Zimbabwe,ENG
2019-03-18,0,0.281,0.719,-0.5994,Zimbabwe,ENG
2019-03-18,0,0.387,0.613,-0.743,Zimbabwe,ENG
2019-03-18,0,0.328,0.672,-0.5994,Zimbabwe,ENG
2019-03-18,0,0.262,0.738,-0.5994,Zimbabwe,ENG
2019-03-18,0,0.328,0.672,-0.5994,Zimbabwe,ENG
2019-03-18,0,0.492,0.508,-0.8927,Zimbabwe,ENG
2019-03-18,0,0,1,0,Zimbabwe,ENG
2019-03-18,0,0,1,0,Zimbabwe,ENG
2019-03-18,0,0,1,0,Zimbabwe,ENG
2019-03-18,0,0,1,0,Zimbabwe,ENG
2019-03-18,0,0.304,0.696,-0.5423,Zimbabwe,ENG
2019-03-18,0,0.655,0.345,-0.6908,Zimbabwe,ENG
2019-03-18,0,0,1,0,Zimbabwe,ENG
2019-03-11,0,0.358,0.642,-0.5994,Zimbabwe,ENG
2019-03-18,0.082,0.437,0.481,-0.7322,Zimbabwe,ENG
2019-03-18,0,0.127,0.873,-0.1531,Zimbabwe,ENG
2019-03-18,0,0.059,0.941,-0.0516,Zimbabwe,ENG
2019-03-18,0,0.308,0.692,-0.4588,Zimbabwe,ENG
2019-03-18,0.176,0.329,0.495,-0.5267,Zimbabwe,ENG
2019-03-15,0,0,1,0,Zimbabwe,ENG
2019-03-18,0.132,0.429,0.44,-0.5719,Zimbabwe,ENG
2019-03-18,0,0.277,0.723,-0.3182,Zimbabwe,ENG
2019-03-18,0,0,1,0,Zimbabwe,ENG
2019-03-18,0,0,1,0,Zimbabwe,ENG
2019-03-18,0,0.421,0.579,-0.8402,Zimbabwe,ENG
2019-03-18,0,0,1,0,Zimbabwe,ENG
2019-03-18,0,0,1,0,Zimbabwe,ENG
2019-03-15,0,0,1,0,Zimbabwe,ENG
2019-03-18,0,0,1,0,Zimbabwe,ENG
2019-03-18,0.286,0,0.714,0.4215,Zimbabwe,ENG
2019-03-18,0,0.302,0.698,-0.6369,Zimbabwe,ENG
2019-03-18,0,0.484,0.516,-0.8176,Zimbabwe,ENG
2019-03-18,0,0.318,0.682,-0.4215,Zimbabwe,ENG
2019-03-18,0.238,0.189,0.574,0.1531,Zimbabwe,ENG
2019-03-19,0,0,1,0,Zimbabwe,ENG
2019-03-19,0,0.328,0.672,-0.5994,Zimbabwe,ENG
2019-03-19,0,0,1,0,Zimbabwe,ENG
2019-03-19,0,0.328,0.672,-0.5994,Zimbabwe,ENG
2019-03-19,0,0.441,0.559,-0.7964,Zimbabwe,ENG
2019-03-19,0,0.484,0.516,-0.8176,Zimbabwe,ENG
2019-03-19,0,0.441,0.559,-0.7964,Zimbabwe,ENG
2019-03-19,0.098,0.366,0.536,-0.7906,Zimbabwe,ENG
2019-03-19,0.382,0.255,0.364,0.1027,Zimbabwe,ENG
2019-03-19,0,0.245,0.755,-0.3818,Zimbabwe,ENG
2019-03-19,0,0,1,0,Zimbabwe,ENG
2019-03-19,0,0,1,0,Zimbabwe,ENG
2019-03-19,0,0,1,0,Zimbabwe,ENG
2019-03-19,0.123,0,0.877,0.1027,Zimbabwe,ENG
2019-03-19,0,0,1,0,Zimbabwe,ENG
2019-03-19,0,0,1,0,Zimbabwe,ENG
2019-03-19,0,0.206,0.794,-0.3818,Zimbabwe,ENG
2019-03-19,0,0,1,0,Zimbabwe,ENG
2019-03-19,0,0,1,0,Zimbabwe,ENG
2019-03-19,0.326,0,0.674,0.4404,Zimbabwe,ENG
2019-03-19,0,0.565,0.435,-0.7579,Zimbabwe,ENG
2019-03-19,0,0.426,0.574,-0.6369,Zimbabwe,ENG
2019-03-19,0,0.459,0.541,-0.6249,Zimbabwe,ENG
2019-03-19,0.167,0,0.833,0.3818,Zimbabwe,ENG
2019-03-19,0,0,1,0,Zimbabwe,ENG
2019-03-19,0,0.59,0.41,-0.802,Zimbabwe,ENG
2019-03-15,0,0.451,0.549,-0.6249,Zimbabwe,ENG
2019-03-18,0,0.394,0.606,-0.5994,Zimbabwe,ENG
2019-03-19,0.286,0,0.714,0.4939,Zimbabwe,ENG
2019-03-15,0,0.451,0.549,-0.6249,Zimbabwe,ENG
2019-03-19,0,0.565,0.435,-0.7579,Zimbabwe,ENG
2019-03-19,0,0,1,0,Zimbabwe,ENG
2019-03-19,0,0,1,0,Zimbabwe,ENG
2019-03-19,0,0.151,0.849,-0.1531,Zimbabwe,ENG
2019-03-19,0,0,1,0,Zimbabwe,ENG
2019-03-19,0.252,0,0.748,0.4019,Zimbabwe,ENG
2019-03-19,0,0.113,0.887,-0.1027,Zimbabwe,ENG
2019-03-19,0,0.487,0.513,-0.5859,Zimbabwe,ENG
2019-03-15,0,0,1,0,Zimbabwe,ENG
2019-03-19,0,0,1,0,Zimbabwe,ENG
2019-03-19,0,0.282,0.718,-0.6705,Zimbabwe,ENG
2019-03-19,0,0.103,0.897,-0.1531,Zimbabwe,ENG
2019-03-19,0,0,1,0,Zimbabwe,ENG
2019-03-19,0,0,1,0,Zimbabwe,ENG
2019-03-19,0,0.474,0.526,-0.5423,Zimbabwe,ENG
2019-03-19,0,0.313,0.687,-0.6249,Zimbabwe,ENG
2019-03-19,0.18,0,0.82,0.296,Zimbabwe,ENG
2019-03-19,0.205,0,0.795,0.4767,Zimbabwe,ENG
2019-03-19,0,0.22,0.78,-0.4767,Zimbabwe,ENG
2019-03-19,0.231,0,0.769,0.4019,Zimbabwe,ENG
2019-03-16,0,0,1,0,Zimbabwe,ENG
2019-03-16,0,0.333,0.667,-0.5423,Zimbabwe,ENG
2019-03-16,0,0,1,0,Zimbabwe,ENG
2019-03-16,0,0,1,0,Zimbabwe,ENG
2019-03-17,0,0.412,0.588,-0.5423,Zimbabwe,ENG
2019-03-20,0,0,1,0,Zimbabwe,ENG
2019-03-15,0,0,1,0,Zimbabwe,ENG
2019-03-19,0,0.223,0.777,-0.3182,Zimbabwe,ENG
2019-03-19,0,0,1,0,Zimbabwe,ENG
2019-03-18,0,0.304,0.696,-0.5423,Zimbabwe,ENG
2019-03-18,0,0.655,0.345,-0.6908,Zimbabwe,ENG
2019-03-18,0,0,1,0,Zimbabwe,ENG
2019-03-19,0,0.426,0.574,-0.6369,Zimbabwe,ENG
2019-03-19,0,0,1,0,Zimbabwe,ENG
2019-03-20,0,0.223,0.777,-0.3182,Zimbabwe,ENG
2019-03-20,0,0,1,0,Zimbabwe,ENG
2019-03-20,0,0,1,0,Zimbabwe,ENG
2019-03-20,0.362,0,0.638,0.5267,Zimbabwe,ENG
2019-03-20,0.176,0.258,0.566,-0.3182,Zimbabwe,ENG
2019-03-20,0,0,1,0,Zimbabwe,ENG
2019-03-20,0,0,1,0,Zimbabwe,ENG
2019-03-15,0,0,1,0,Zimbabwe,ENG
2019-03-15,0,0,1,0,Zimbabwe,ENG
2019-03-20,0,0.439,0.561,-0.5719,Zimbabwe,ENG
2019-03-20,0,0.286,0.714,-0.4939,Zimbabwe,ENG
2019-03-15,0.383,0,0.617,0.4767,Zimbabwe,ENG
2019-03-20,0.155,0,0.845,0.0258,Zimbabwe,ENG
2019-03-20,0,0.315,0.685,-0.3182,Zimbabwe,ENG
2019-03-20,0,0.306,0.694,-0.296,Zimbabwe,ENG
2019-03-20,0,0.526,0.474,-0.83,Zimbabwe,ENG
2019-03-20,0,0.204,0.796,-0.3182,Zimbabwe,ENG
2019-03-20,0,0.286,0.714,-0.4939,Zimbabwe,ENG
2019-03-20,0,0,1,0,Zimbabwe,ENG
2019-03-20,0.162,0,0.838,0.4767,Zimbabwe,ENG
2019-03-20,0,0.211,0.789,-0.4939,Zimbabwe,ENG
2019-03-20,0,0,1,0,Zimbabwe,ENG
2019-03-20,0,0.14,0.86,-0.0772,Zimbabwe,ENG
2019-03-20,0.201,0.128,0.67,0.3182,Zimbabwe,ENG
2019-03-20,0.253,0.084,0.663,0.5859,Zimbabwe,ENG
2019-03-20,0,0.439,0.561,-0.5719,Zimbabwe,ENG
2019-03-21,0.597,0,0.403,0.836,Zimbabwe,ENG
2019-03-21,0,0,1,0,Zimbabwe,ENG
2019-03-20,0.597,0,0.403,0.836,Zimbabwe,ENG
2019-03-20,0,0.167,0.833,-0.1531,Zimbabwe,ENG
2019-03-20,0.236,0.264,0.5,-0.1027,Zimbabwe,ENG
2019-03-20,0,0.247,0.753,-0.3182,Zimbabwe,ENG
2019-03-19,0,0,1,0,Zimbabwe,ENG
2019-03-15,0,0,1,0,Zimbabwe,ENG
2019-03-19,0,0,1,0,Zimbabwe,ENG
2019-03-20,0,0,1,0,Zimbabwe,ENG
2019-03-20,0.237,0,0.763,0.4767,Zimbabwe,ENG
2019-03-20,0,0,1,0,Zimbabwe,ENG
2019-03-20,0.204,0.162,0.634,0.1531,Zimbabwe,ENG
2019-03-20,0,0.187,0.813,-0.3182,Zimbabwe,ENG
2019-03-20,0,0,1,0,Zimbabwe,ENG
2019-03-20,0.256,0,0.744,0.4767,Zimbabwe,ENG
2019-03-20,0,0.539,0.461,-0.8481,Zimbabwe,ENG
2019-03-15,0,0.302,0.698,-0.5994,Zimbabwe,ENG
2019-03-15,0.278,0,0.722,0.4019,Zimbabwe,ENG
2019-03-15,0.239,0.211,0.55,0.0772,Zimbabwe,ENG
2019-03-21,0,0,1,0,Zimbabwe,ENG
2019-03-21,0,0.223,0.777,-0.3182,Zimbabwe,ENG
2019-03-21,0,0.369,0.631,-0.6249,Zimbabwe,ENG
2019-03-21,0,0.562,0.438,-0.8271,Zimbabwe,ENG
2019-03-21,0.221,0.228,0.552,-0.0258,Zimbabwe,ENG
2019-03-21,0,0.562,0.438,-0.8271,Zimbabwe,ENG
2019-03-21,0,0.403,0.597,-0.6597,Zimbabwe,ENG
2019-03-21,0,0.369,0.631,-0.6249,Zimbabwe,ENG
2019-03-21,0,0.281,0.719,-0.5994,Zimbabwe,ENG
2019-03-21,0,0,1,0,Zimbabwe,ENG
2019-03-21,0,0.231,0.769,-0.2732,Zimbabwe,ENG
2019-03-21,0,0.383,0.617,-0.7351,Zimbabwe,ENG
2019-03-20,0,0,1,0,Zimbabwe,ENG
2019-03-21,0,0.293,0.707,-0.4404,Zimbabwe,ENG
2019-03-21,0,0.407,0.593,-0.5859,Zimbabwe,ENG
2019-03-21,0,0.282,0.718,-0.6705,Zimbabwe,ENG
2019-03-21,0,0,1,0,Zimbabwe,ENG
2019-03-21,0,0.216,0.784,-0.296,Zimbabwe,ENG
2019-03-21,0,0.321,0.679,-0.6369,Zimbabwe,ENG
2019-03-21,0,0.369,0.631,-0.6249,Zimbabwe,ENG
2019-03-21,0,0.281,0.719,-0.5994,Zimbabwe,ENG
2019-03-21,0,0.2,0.8,-0.25,Zimbabwe,ENG
2019-03-21,0,0.277,0.723,-0.3182,Zimbabwe,ENG
2019-03-21,0,0,1,0,Zimbabwe,ENG
2019-03-21,0,0.438,0.562,-0.5994,Zimbabwe,ENG
2019-03-15,0,0,1,0,Zimbabwe,ENG
2019-03-21,0,0,1,0,Zimbabwe,ENG
2019-03-21,0,0.358,0.642,-0.5994,Zimbabwe,ENG
2019-03-15,0,0.126,0.874,-0.0772,Zimbabwe,ENG
2019-03-21,0,0.223,0.777,-0.3182,Zimbabwe,ENG
2019-03-21,0,0,1,0,Zimbabwe,ENG
2019-03-21,0.151,0.267,0.581,-0.25,Zimbabwe,ENG
2019-03-21,0,0.394,0.606,-0.1531,Zimbabwe,ENG
2019-03-21,0,0.315,0.685,-0.3182,Zimbabwe,ENG
2019-03-21,0,0.247,0.753,-0.3182,Zimbabwe,ENG
2019-03-21,0,0.223,0.777,-0.3182,Zimbabwe,ENG
2019-03-21,0,0.216,0.784,-0.296,Zimbabwe,ENG
2019-03-21,0.297,0.155,0.548,0.4767,Zimbabwe,ENG
2019-03-21,0,0.306,0.694,-0.5267,Zimbabwe,ENG
2019-03-15,0,0.223,0.777,-0.3182,Zimbabwe,ENG
2019-03-15,0,0.358,0.642,-0.5994,Zimbabwe,ENG
2019-03-21,0,0.315,0.685,-0.3182,Zimbabwe,ENG
2019-03-15,0.151,0.267,0.581,-0.25,Zimbabwe,ENG
2019-03-15,0,0,1,0,Zimbabwe,ENG
2019-03-15,0,0.394,0.606,-0.1531,Zimbabwe,ENG
2019-03-21,0,0.126,0.874,-0.0772,Zimbabwe,ENG
2019-03-21,0,0,1,0,Zimbabwe,ENG
2019-03-21,0.182,0.345,0.473,-0.34,Zimbabwe,ENG
2019-03-21,0.385,0.201,0.414,0.4767,Zimbabwe,ENG
2019-03-21,0,0,1,0,Zimbabwe,ENG
2019-03-15,0,0.394,0.606,-0.7579,Zimbabwe,ENG
2019-03-21,0,0.394,0.606,-0.6369,Zimbabwe,ENG
2019-03-20,0.239,0.211,0.55,0.0772,Zimbabwe,ENG
2019-03-20,0,0.247,0.753,-0.3182,Zimbabwe,ENG
2019-03-20,0,0.223,0.777,-0.3182,Zimbabwe,ENG
2019-03-20,0.278,0,0.722,0.4019,Zimbabwe,ENG
2019-03-20,0,0.302,0.698,-0.5994,Zimbabwe,ENG
2019-03-22,0.075,0.208,0.717,-0.5423,Zimbabwe,ENG
2019-03-22,0,0.31,0.69,-0.4019,Zimbabwe,ENG
2019-03-22,0,0.437,0.563,-0.7351,Zimbabwe,ENG
2019-03-21,0.239,0.142,0.619,0.2732,Zimbabwe,ENG
2019-03-21,0,0.266,0.734,-0.4404,Zimbabwe,ENG
2019-03-19,0,0.459,0.541,-0.6249,Zimbabwe,ENG
2019-03-18,0,0.358,0.642,-0.5994,Zimbabwe,ENG
2019-03-20,0,0,1,0,Zimbabwe,ENG
2019-03-22,0,0.466,0.534,-0.7269,Zimbabwe,ENG
2019-03-22,0,0.266,0.734,-0.4404,Zimbabwe,ENG
2019-03-22,0,0.24,0.76,-0.6249,Zimbabwe,ENG
2019-03-22,0,0,1,0,Zimbabwe,ENG
2019-03-22,0.121,0,0.879,0.0258,Zimbabwe,ENG
2019-03-22,0,0.327,0.673,-0.6557,Zimbabwe,ENG
2019-03-22,0,0.251,0.749,-0.5719,Zimbabwe,ENG
2019-03-22,0.17,0.314,0.515,-0.4215,Zimbabwe,ENG
2019-03-22,0,0.367,0.633,-0.4404,Zimbabwe,ENG
2019-03-22,0,0.305,0.695,-0.6908,Zimbabwe,ENG
2019-03-22,0.116,0,0.884,0.1139,Zimbabwe,ENG
2019-03-22,0,0,1,0,Zimbabwe,ENG
2019-03-20,0,0.412,0.588,-0.4215,Zimbabwe,ENG
2019-03-20,0,0.435,0.565,-0.9109,Zimbabwe,ENG
2019-03-20,0,0.178,0.822,-0.0772,Zimbabwe,ENG
2019-03-20,0,0,1,0,Zimbabwe,ENG
2019-03-20,0,0.328,0.672,-0.5994,Zimbabwe,ENG
2019-03-20,0,0.326,0.674,-0.4404,Zimbabwe,ENG
2019-03-20,0.604,0,0.396,0.7269,Zimbabwe,ENG
2019-03-22,0,0.206,0.794,-0.3818,Zimbabwe,ENG
2019-03-22,0.604,0,0.396,0.7269,Zimbabwe,ENG
2019-03-22,0.268,0,0.732,0.5106,Zimbabwe,ENG
2019-03-22,0.106,0,0.894,0.0772,Zimbabwe,ENG
2019-03-22,0,0.386,0.614,-0.6597,Zimbabwe,ENG
2019-03-22,0,0.576,0.424,-0.7783,Zimbabwe,ENG
2019-03-22,0,0.18,0.82,-0.296,Zimbabwe,ENG
2019-03-22,0.307,0,0.693,0.4767,Zimbabwe,ENG
2019-03-22,0,0.206,0.794,-0.3818,Zimbabwe,ENG
2019-03-22,0,0.133,0.867,-0.25,Zimbabwe,ENG
2019-03-22,0,0.262,0.738,-0.5994,Zimbabwe,ENG
2019-03-22,0,0,1,0,Zimbabwe,ENG
2019-03-22,0,0.256,0.744,-0.4767,Zimbabwe,ENG
2019-03-22,0,0.302,0.698,-0.5994,Zimbabwe,ENG
2019-03-22,0,0.327,0.673,-0.6557,Zimbabwe,ENG
2019-03-22,0,0.394,0.606,-0.5994,Zimbabwe,ENG
2019-03-22,0,0.39,0.61,-0.7506,Zimbabwe,ENG
2019-03-22,0.277,0.218,0.504,0.1779,Zimbabwe,ENG
2019-03-22,0,0.18,0.82,-0.296,Zimbabwe,ENG
2019-03-20,0,0.416,0.584,-0.7506,Zimbabwe,ENG
2019-03-22,0.247,0,0.753,0.3182,Zimbabwe,ENG
2019-03-22,0,0.386,0.614,-0.6597,Zimbabwe,ENG
2019-03-22,0,0.576,0.424,-0.7783,Zimbabwe,ENG
2019-03-22,0,0,1,0,Zimbabwe,ENG
2019-03-22,0,0.223,0.777,-0.3182,Zimbabwe,ENG
2019-03-22,0,0,1,0,Zimbabwe,ENG
2019-03-22,0,0.478,0.522,-0.7506,Zimbabwe,ENG
2019-03-22,0,0,1,0,Zimbabwe,ENG
2019-03-22,0,0.224,0.776,-0.3818,Zimbabwe,ENG
2019-03-23,0,0.429,0.571,-0.6705,Zimbabwe,ENG
2019-03-23,0.247,0,0.753,0.3182,Zimbabwe,ENG
2019-03-22,0.213,0,0.787,0.4019,Zimbabwe,ENG
2019-03-22,0,0.135,0.865,-0.1027,Zimbabwe,ENG
2019-03-23,0.247,0.237,0.515,0.0258,Zimbabwe,ENG
2019-03-23,0.237,0.17,0.593,0.2263,Zimbabwe,ENG
2019-03-23,0,0.47,0.53,-0.7964,Zimbabwe,ENG
2019-03-23,0,0.268,0.732,-0.5106,Zimbabwe,ENG
2019-03-23,0,0.135,0.865,-0.1027,Zimbabwe,ENG
2019-03-20,0,0.255,0.745,-0.34,Zimbabwe,ENG
2019-03-23,0.25,0.185,0.565,0.2023,Zimbabwe,ENG
2019-03-23,0,0.135,0.865,-0.1027,Zimbabwe,ENG
2019-03-23,0.241,0.126,0.632,0.25,Zimbabwe,ENG
2019-03-23,0.19,0.122,0.688,0.3182,Zimbabwe,ENG
2019-03-23,0,0.378,0.622,-0.743,Zimbabwe,ENG
2019-03-23,0,0,1,0,Zimbabwe,ENG
2019-03-23,0.231,0,0.769,0.2023,Zimbabwe,ENG
2019-03-23,0,0.223,0.777,-0.3182,Zimbabwe,ENG
2019-03-23,0,0,1,0,Zimbabwe,ENG
2019-03-23,0,0,1,0,Zimbabwe,ENG
2019-03-23,0.25,0.185,0.565,0.2023,Zimbabwe,ENG
2019-03-23,0,0,1,0,Zimbabwe,ENG
2019-03-23,0.096,0.369,0.536,-0.8256,Zimbabwe,ENG
2019-03-23,0.155,0.218,0.628,-0.128,Zimbabwe,ENG
2019-03-23,0,0,1,0,Zimbabwe,ENG
2019-03-24,0,0,1,0,Zimbabwe,ENG
2019-03-24,0,0,1,0,Zimbabwe,ENG
2019-03-23,0,0,1,0,Zimbabwe,ENG
2019-03-23,0,0,1,0,Zimbabwe,ENG
2019-03-23,0.191,0,0.809,0.3182,Zimbabwe,ENG
2019-03-23,0,0.588,0.412,-0.6908,Zimbabwe,ENG
2019-03-23,0,0,1,0,Zimbabwe,ENG
2019-03-23,0,0.247,0.753,-0.3182,Zimbabwe,ENG
2019-03-23,0,0.387,0.613,-0.743,Zimbabwe,ENG
2019-03-23,0.493,0,0.507,0.8668,Zimbabwe,ENG
2019-03-23,0,0.279,0.721,-0.4767,Zimbabwe,ENG
2019-03-23,0,0,1,0,Zimbabwe,ENG
2019-03-23,0,0,1,0,Zimbabwe,ENG
2019-03-23,0,0,1,0,Zimbabwe,ENG
2019-03-23,0.203,0,0.797,0.4215,Zimbabwe,ENG
2019-03-24,0,0.223,0.777,-0.3182,Zimbabwe,ENG
2019-03-24,0,0.328,0.672,-0.5994,Zimbabwe,ENG
2019-03-24,0,0.328,0.672,-0.5994,Zimbabwe,ENG
2019-03-24,0,0.223,0.777,-0.3182,Zimbabwe,ENG
2019-03-24,0,0.216,0.784,-0.296,Zimbabwe,ENG
2019-03-24,0,0.216,0.784,-0.296,Zimbabwe,ENG
2019-03-24,0.37,0,0.63,0.5719,Zimbabwe,ENG
2019-03-24,0,0.137,0.863,-0.1511,Zimbabwe,ENG
2019-03-24,0,0.248,0.752,-0.3182,Zimbabwe,ENG
2019-03-24,0.231,0.172,0.597,0.2023,Zimbabwe,ENG
2019-03-24,0,0.371,0.629,-0.7579,Zimbabwe,ENG
2019-03-24,0,0.216,0.784,-0.296,Zimbabwe,ENG
2019-03-24,0,0.348,0.652,-0.4939,Zimbabwe,ENG
2019-03-24,0,0,1,0,Zimbabwe,ENG
2019-03-23,0,0.216,0.784,-0.296,Zimbabwe,ENG
2019-03-24,0.197,0,0.803,0.4019,Zimbabwe,ENG
2019-03-24,0,0,1,0,Zimbabwe,ENG
2019-03-24,0,0.39,0.61,-0.4939,Zimbabwe,ENG
2019-03-20,0.4,0,0.6,0.25,Zimbabwe,ENG
2019-03-20,0,0,1,0,Zimbabwe,ENG
2019-03-20,0,0,1,0,Zimbabwe,ENG
2019-03-20,0,0,1,0,Zimbabwe,ENG
2019-03-24,0,0,1,0,Zimbabwe,ENG
2019-03-24,0,0.202,0.798,-0.5106,Zimbabwe,ENG
2019-03-24,0,0,1,0,Zimbabwe,ENG
2019-03-24,0.197,0,0.803,0.4019,Zimbabwe,ENG
2019-03-24,0,0,1,0,Zimbabwe,ENG
2019-03-24,0,0,1,0,Zimbabwe,ENG
2019-03-24,0,0,1,0,Zimbabwe,ENG
2019-03-20,0,0.255,0.745,-0.34,Zimbabwe,ENG
2019-03-24,0,0,1,0,Zimbabwe,ENG
2019-03-20,0,0.444,0.556,-0.7506,Zimbabwe,ENG
2019-03-20,0,0.203,0.797,-0.4215,Zimbabwe,ENG
2019-03-24,0,0,1,0,Zimbabwe,ENG
2019-03-24,0.248,0,0.752,0.5106,Zimbabwe,ENG
2019-03-22,0.604,0,0.396,0.7269,Zimbabwe,ENG
2019-03-22,0,0,1,0,Zimbabwe,ENG
2019-03-22,0,0.326,0.674,-0.4404,Zimbabwe,ENG
2019-03-22,0,0.412,0.588,-0.4215,Zimbabwe,ENG
2019-03-22,0,0.328,0.672,-0.5994,Zimbabwe,ENG
2019-03-22,0,0.416,0.584,-0.7506,Zimbabwe,ENG
2019-03-22,0,0.178,0.822,-0.0772,Zimbabwe,ENG
2019-03-25,0,0.384,0.616,-0.6115,Zimbabwe,ENG
2019-03-25,0,0,1,0,Zimbabwe,ENG
2019-03-25,0,0.302,0.698,-0.3818,Zimbabwe,ENG
2019-03-25,0,0,1,0,Zimbabwe,ENG
2019-03-25,0.25,0.185,0.565,0.2023,Zimbabwe,ENG
2019-03-25,0,0.151,0.849,-0.1531,Zimbabwe,ENG
2019-03-20,0.554,0,0.446,0.7351,Zimbabwe,ENG
2019-03-20,0,0,1,0,Zimbabwe,ENG
2019-03-25,0.146,0.457,0.397,-0.6908,Zimbabwe,ENG
2019-03-25,0,0,1,0,Zimbabwe,ENG
2019-03-25,0.146,0.457,0.397,-0.6908,Zimbabwe,ENG
2019-03-25,0,0.172,0.828,-0.4404,Zimbabwe,ENG
2019-03-25,0.157,0,0.843,0.0772,Zimbabwe,ENG
2019-03-20,0,0.337,0.663,-0.6808,Zimbabwe,ENG
2019-03-20,0,0,1,0,Zimbabwe,ENG
2019-03-20,0,0,1,0,Zimbabwe,ENG
2019-03-20,0.554,0,0.446,0.7351,Zimbabwe,ENG
2019-03-25,0,0,1,0,Zimbabwe,ENG
2019-03-25,0.114,0,0.886,0.1725,Zimbabwe,ENG
2019-03-25,0.107,0,0.893,0.2023,Zimbabwe,ENG
2019-03-26,0,0.339,0.661,-0.6249,Zimbabwe,ENG
2019-03-20,0.225,0.192,0.583,0.1027,Zimbabwe,ENG
2019-03-25,0.184,0,0.816,0.2023,Zimbabwe,ENG
2019-03-26,0,0,1,0,Zimbabwe,ENG
2019-03-20,0.316,0,0.684,0.5719,Zimbabwe,ENG
2019-03-20,0,0,1,0,Zimbabwe,ENG
2019-03-26,0,0,1,0,Zimbabwe,ENG
2019-03-26,0,0,1,0,Zimbabwe,ENG
2019-03-26,0,0.15,0.85,-0.3182,Zimbabwe,ENG
2019-03-26,0,0.161,0.839,-0.3182,Zimbabwe,ENG
2019-03-26,0.27,0.23,0.5,0.1027,Zimbabwe,ENG
2019-03-26,0,0.576,0.424,-0.7783,Zimbabwe,ENG
2019-03-26,0,0.576,0.424,-0.7783,Zimbabwe,ENG
2019-03-26,0,0,1,0,Zimbabwe,ENG
2019-03-26,0,0.187,0.813,-0.3182,Zimbabwe,ENG
2019-03-26,0,0.223,0.777,-0.3182,Zimbabwe,ENG
2019-03-26,0,0,1,0,Zimbabwe,ENG
2019-03-23,0,0.255,0.745,-0.34,Zimbabwe,ENG
2019-03-26,0.155,0.099,0.745,0.2263,Zimbabwe,ENG
2019-03-20,0,0.265,0.735,-0.2023,Zimbabwe,ENG
2019-03-20,0.307,0,0.693,0.4767,Zimbabwe,ENG
2019-03-26,0,0.203,0.797,-0.4215,Zimbabwe,ENG
2019-03-26,0,0.306,0.694,-0.6597,Zimbabwe,ENG
2019-03-26,0,0.236,0.764,-0.4753,Zimbabwe,ENG
2019-03-20,0,0,1,0,Zimbabwe,ENG
2019-03-26,0,0.223,0.777,-0.3182,Zimbabwe,ENG
2019-03-26,0.155,0.099,0.745,0.2263,Zimbabwe,ENG
2019-03-27,0.217,0.257,0.526,-0.1531,Zimbabwe,ENG
2019-03-27,0,0.223,0.777,-0.3182,Zimbabwe,ENG
2019-03-27,0.231,0,0.769,0.5106,Zimbabwe,ENG
2019-03-27,0,0,1,0,Zimbabwe,ENG
2019-03-27,0.217,0.257,0.526,-0.1531,Zimbabwe,ENG
2019-03-27,0,0.39,0.61,-0.4939,Zimbabwe,ENG
2019-03-22,0,0,1,0,Zimbabwe,ENG
2019-03-27,0.152,0.159,0.69,-0.0258,Zimbabwe,ENG
2019-03-22,0,0.423,0.577,-0.6597,Zimbabwe,ENG
2019-03-22,0,0.272,0.728,-0.6249,Zimbabwe,ENG
2019-03-22,0.13,0,0.87,0.128,Zimbabwe,ENG
2019-03-20,0,0.444,0.556,-0.6808,Zimbabwe,ENG
2019-03-27,0,0,1,0,Zimbabwe,ENG
2019-03-27,0,0,1,0,Zimbabwe,ENG
2019-03-27,0,0.318,0.682,-0.6369,Zimbabwe,ENG
2019-03-27,0,0.455,0.545,-0.8176,Zimbabwe,ENG
2019-03-27,0.434,0,0.566,0.5574,Zimbabwe,ENG
2019-03-22,0,0,1,0,Zimbabwe,ENG
2019-03-27,0,0,1,0,Zimbabwe,ENG
2019-03-22,0,0.533,0.467,-0.6908,Zimbabwe,ENG
2019-03-22,0,0,1,0,Zimbabwe,ENG
2019-03-22,0,0.286,0.714,-0.4939,Zimbabwe,ENG
2019-03-27,0.217,0.257,0.526,-0.1531,Zimbabwe,ENG
2019-03-27,0,0,1,0,Zimbabwe,ENG
2019-03-26,0,0,1,0,Zimbabwe,ENG
2019-03-26,0,0,1,0,Zimbabwe,ENG
2019-03-26,0,0,1,0,Zimbabwe,ENG
2019-03-26,0,0.302,0.698,-0.3818,Zimbabwe,ENG
2019-03-28,0.256,0,0.744,0.4767,Zimbabwe,ENG
2019-03-28,0.237,0,0.763,0.4767,Zimbabwe,ENG
2019-03-28,0,0.223,0.777,-0.3182,Zimbabwe,ENG
2019-03-28,0.238,0.146,0.615,0.296,Zimbabwe,ENG
2019-03-26,0,0.401,0.599,-0.7717,Zimbabwe,ENG
2019-03-28,0,0,1,0,Zimbabwe,ENG
2019-03-28,0,0,1,0,Zimbabwe,ENG
2019-03-28,0,0.308,0.692,-0.5994,Zimbabwe,ENG
2019-03-28,0,0,1,0,Zimbabwe,ENG
2019-03-26,0,0,1,0,Zimbabwe,ENG
2019-03-28,0,0,1,0,Zimbabwe,ENG
2019-03-28,0,0,1,0,Zimbabwe,ENG
2019-03-28,0,0.242,0.758,-0.1531,Zimbabwe,ENG
2019-03-28,0.211,0,0.789,0.4939,Zimbabwe,ENG
2019-03-28,0,0.306,0.694,-0.6597,Zimbabwe,ENG
2019-03-28,0.22,0,0.78,0.4767,Zimbabwe,ENG
2019-03-28,0,0,1,0,Zimbabwe,ENG
2019-03-28,0,0.236,0.764,-0.5267,Zimbabwe,ENG
2019-03-26,0.262,0,0.738,0.4939,Zimbabwe,ENG
2019-03-29,0.127,0.264,0.609,-0.4019,Zimbabwe,ENG
2019-03-26,0,0,1,0,Zimbabwe,ENG
2019-03-29,0,0,1,0,Zimbabwe,ENG
2019-03-26,0,0.265,0.735,-0.2023,Zimbabwe,ENG
2019-03-26,0.307,0,0.693,0.4767,Zimbabwe,ENG
2019-03-26,0,0,1,0,Zimbabwe,ENG
2019-03-27,0,0,1,0,Zimbabwe,ENG
2019-03-27,0,0.348,0.652,-0.4939,Zimbabwe,ENG
2019-03-28,0,0.219,0.781,-0.4215,Zimbabwe,ENG
2019-03-29,0.22,0,0.78,0.4767,Zimbabwe,ENG
2019-03-25,0,0,1,0,Zimbabwe,ENG
2019-03-25,0,0,1,0,Zimbabwe,ENG
2019-03-25,0.316,0,0.684,0.5719,Zimbabwe,ENG
2019-03-25,0.225,0.192,0.583,0.1027,Zimbabwe,ENG
2019-03-25,0,0,1,0,Zimbabwe,ENG
2019-03-29,0,0,1,0,Zimbabwe,ENG
2019-03-29,0,0.223,0.777,-0.3182,Zimbabwe,ENG
2019-03-29,0,0,1,0,Zimbabwe,ENG
2019-03-29,0,0.187,0.813,-0.3182,Zimbabwe,ENG
2019-03-29,0,0.216,0.784,-0.5106,Zimbabwe,ENG
2019-03-29,0,0,1,0,Zimbabwe,ENG
2019-03-29,0.231,0.172,0.597,0.2023,Zimbabwe,ENG
2019-03-29,0,0.328,0.672,-0.5994,Zimbabwe,ENG
2019-03-29,0.252,0.207,0.541,0.128,Zimbabwe,ENG
2019-03-29,0.204,0.27,0.526,-0.25,Zimbabwe,ENG
2019-03-29,0,0.39,0.61,-0.4939,Zimbabwe,ENG
2019-03-29,0,0,1,0,Zimbabwe,ENG
2019-03-29,0.348,0.217,0.435,0.2263,Zimbabwe,ENG
2019-03-29,0,0,1,0,Zimbabwe,ENG
2019-03-26,0,0,1,0,Zimbabwe,ENG
2019-03-29,0.215,0.119,0.667,0.3182,Zimbabwe,ENG
2019-03-28,0,0.204,0.796,-0.3182,Zimbabwe,ENG
2019-03-30,0,0,1,0,Zimbabwe,ENG
2019-03-30,0,0,1,0,Zimbabwe,ENG
2019-03-30,0.348,0.217,0.435,0.2263,Zimbabwe,ENG
2019-03-30,0,0.315,0.685,-0.3182,Zimbabwe,ENG
2019-03-30,0,0,1,0,Zimbabwe,ENG
2019-03-28,0,0,1,0,Zimbabwe,ENG
2019-03-30,0,0,1,0,Zimbabwe,ENG
2019-03-30,0.22,0,0.78,0.4767,Zimbabwe,ENG
2019-03-28,0,0,1,0,Zimbabwe,ENG
2019-03-28,0,0,1,0,Zimbabwe,ENG
2019-03-31,0,0.286,0.714,-0.6124,Zimbabwe,ENG
2019-03-31,0,0,1,0,Zimbabwe,ENG
2019-03-30,0,0.286,0.714,-0.6124,Zimbabwe,ENG
2019-03-30,0,0,1,0,Zimbabwe,ENG
2019-03-31,0,0.16,0.84,-0.2732,Zimbabwe,ENG
2019-03-31,0,0,1,0,Zimbabwe,ENG
2019-03-31,0,0,1,0,Zimbabwe,ENG
2019-03-31,0.392,0,0.608,0.7003,Zimbabwe,ENG
2019-03-31,0,0.167,0.833,-0.1531,Zimbabwe,ENG
2019-03-31,0,0,1,0,Zimbabwe,ENG
2019-03-28,0,0,1,0,Zimbabwe,ENG
2019-03-31,0.392,0,0.608,0.7003,Zimbabwe,ENG
2019-03-31,0.119,0,0.881,0.2263,Zimbabwe,ENG
2019-04-02,0,0.223,0.777,-0.3182,Zimbabwe,ENG
2019-03-30,0.203,0.275,0.523,-0.0258,Zimbabwe,ENG
2019-04-02,0.444,0,0.556,0.6808,Zimbabwe,ENG
2019-04-02,0,0.277,0.723,-0.3182,Zimbabwe,ENG
2019-04-03,0,0.315,0.685,-0.3182,Zimbabwe,ENG
2019-04-03,0.174,0.246,0.58,-0.25,Zimbabwe,ENG
2019-04-03,0,0,1,0,Zimbabwe,ENG
2019-04-03,0,0.315,0.685,-0.3182,Zimbabwe,ENG
2019-03-30,0,0.281,0.719,-0.5994,Zimbabwe,ENG
2019-03-30,0,0,1,0,Zimbabwe,ENG
2019-04-03,0,0.187,0.813,-0.3182,Zimbabwe,ENG
2019-04-03,0.205,0,0.795,0.4767,Zimbabwe,ENG
2019-04-03,0,0,1,0,Zimbabwe,ENG
2019-04-03,0.174,0.246,0.58,-0.25,Zimbabwe,ENG
2019-04-03,0,0.223,0.777,-0.3182,Zimbabwe,ENG
2019-03-30,0,0,1,0,Zimbabwe,ENG
2019-04-03,0,0.493,0.507,-0.7783,Zimbabwe,ENG
2019-04-03,0.214,0.176,0.611,0.128,Zimbabwe,ENG
2019-04-03,0.174,0.246,0.58,-0.25,Zimbabwe,ENG
2019-04-03,0,0.505,0.495,-0.8481,Zimbabwe,ENG
2019-04-03,0,0.386,0.614,-0.6597,Zimbabwe,ENG
2019-04-03,0,0.126,0.874,-0.3182,Zimbabwe,ENG
2019-04-03,0,0,1,0,Zimbabwe,ENG
2019-04-04,0,0.161,0.839,-0.3182,Zimbabwe,ENG
2019-04-04,0.13,0.141,0.729,-0.0516,Zimbabwe,ENG
2019-03-30,0,0.204,0.796,-0.3182,Zimbabwe,ENG
2019-03-30,0.341,0,0.659,0.4767,Zimbabwe,ENG
2019-04-04,0,0,1,0,Zimbabwe,ENG
2019-04-04,0.323,0.138,0.539,0.4767,Zimbabwe,ENG
2019-04-04,0.204,0.162,0.634,0.1531,Zimbabwe,ENG
2019-03-30,0,0,1,0,Zimbabwe,ENG
2019-04-04,0.219,0,0.781,0.4215,Zimbabwe,ENG
2019-04-03,0,0,1,0,Zimbabwe,ENG
2019-04-04,0.262,0.183,0.556,0.25,Zimbabwe,ENG
2019-04-04,0.225,0,0.775,0.4404,Zimbabwe,ENG
2019-04-03,0,0.247,0.753,-0.3182,Zimbabwe,ENG
2019-04-04,0.179,0.223,0.598,-0.2023,Zimbabwe,ENG
2019-04-04,0.219,0,0.781,0.4215,Zimbabwe,ENG
2019-04-04,0.323,0.138,0.539,0.4767,Zimbabwe,ENG
2019-04-04,0,0.328,0.672,-0.5994,Zimbabwe,ENG
2019-04-04,0.142,0.148,0.71,-0.0258,Zimbabwe,ENG
2019-04-05,0,0,1,0,Zimbabwe,ENG
2019-04-05,0,0.189,0.811,-0.4215,Zimbabwe,ENG
2019-04-05,0.134,0.31,0.556,-0.5859,Zimbabwe,ENG
2019-04-05,0,0.186,0.814,-0.1531,Zimbabwe,ENG
2019-04-05,0.237,0,0.763,0.4767,Zimbabwe,ENG
2019-04-05,0,0.318,0.682,-0.6369,Zimbabwe,ENG
2019-04-05,0,0.462,0.538,-0.7184,Zimbabwe,ENG
2019-03-30,0,0.394,0.606,-0.5994,Zimbabwe,ENG
2019-04-05,0.212,0.147,0.641,0.25,Zimbabwe,ENG
2019-04-06,0,0.15,0.85,-0.3182,Zimbabwe,ENG
2019-04-03,0,0.163,0.837,-0.3252,Zimbabwe,ENG
2019-04-07,0,0.204,0.796,-0.3182,Zimbabwe,ENG
2019-04-07,0.279,0,0.721,0.7003,Zimbabwe,ENG
2019-04-07,0,0,1,0,Zimbabwe,ENG
2019-04-07,0.256,0,0.744,0.4767,Zimbabwe,ENG
2019-04-05,0,0,1,0,Zimbabwe,ENG
2019-04-05,0.171,0,0.829,0.4767,Zimbabwe,ENG
2019-04-07,0,0,1,0,Zimbabwe,ENG
2019-04-05,0.195,0,0.805,0.1779,Zimbabwe,ENG
2019-04-05,0,0,1,0,Zimbabwe,ENG
2019-04-08,0.426,0.239,0.335,0.5994,Zimbabwe,ENG
2019-04-05,0,0.286,0.714,-0.4939,Zimbabwe,ENG
2019-04-05,0.195,0,0.805,0.1779,Zimbabwe,ENG
2019-04-05,0.268,0,0.732,0.296,Zimbabwe,ENG
2019-04-08,0.204,0.148,0.648,0.1531,Zimbabwe,ENG
2019-04-06,0,0.163,0.837,-0.3252,Zimbabwe,ENG
2019-04-07,0,0,1,0,Zimbabwe,ENG
2019-04-09,0.318,0,0.682,0.4215,Zimbabwe,ENG
2019-04-09,0.318,0,0.682,0.4215,Zimbabwe,ENG
2019-04-09,0,0,1,0,Zimbabwe,ENG
2019-04-09,0,0,1,0,Zimbabwe,ENG
2019-04-05,0,0,1,0,Zimbabwe,ENG
2019-04-05,0.279,0,0.721,0.4767,Zimbabwe,ENG
2019-04-09,0.262,0.183,0.556,0.25,Zimbabwe,ENG
2019-03-27,0.342,0,0.658,0.3818,Zimbabwe,ENG
2019-04-09,0,0.247,0.753,-0.3182,Zimbabwe,ENG
2019-04-09,0,0,1,0,Zimbabwe,ENG
2019-04-09,0,0,1,0,Zimbabwe,ENG
2019-04-09,0.259,0,0.741,0.2732,Zimbabwe,ENG
2019-04-10,0,0,1,0,Zimbabwe,ENG
2019-04-10,0,0.173,0.827,-0.3182,Zimbabwe,ENG
2019-04-10,0.256,0,0.744,0.4767,Zimbabwe,ENG
2019-04-11,0.183,0.183,0.635,0,Zimbabwe,ENG
2019-04-10,0,0,1,0,Zimbabwe,ENG
2019-04-10,0,0,1,0,Zimbabwe,ENG
2019-04-11,0,0,1,0,Zimbabwe,ENG
2019-04-11,0,0,1,0,Zimbabwe,ENG
2019-04-13,0,0.324,0.676,-0.5859,Zimbabwe,ENG
2019-04-13,0.252,0,0.748,0.4019,Zimbabwe,ENG
2019-04-13,0,0.324,0.676,-0.5859,Zimbabwe,ENG
2019-04-13,0,0.324,0.676,-0.5859,Zimbabwe,ENG
2019-04-14,0,0.573,0.427,-0.8555,Zimbabwe,ENG
2019-04-15,0.219,0,0.781,0.4215,Zimbabwe,ENG
2019-04-19,0.278,0,0.722,0.4019,Zimbabwe,ENG
2019-03-25,0,0.211,0.789,-0.1531,Zimbabwe,ENG
2019-04-19,0.278,0,0.722,0.4019,Zimbabwe,ENG
2019-04-20,0.178,0,0.822,0.3818,Zimbabwe,ENG
2019-04-20,0.157,0.162,0.681,-0.0258,Zimbabwe,ENG
2019-04-16,0,0,1,0,Zimbabwe,ENG
2019-04-20,0,0,1,0,Zimbabwe,ENG
2019-04-16,0,0.394,0.606,-0.5994,Zimbabwe,ENG
2019-04-21,0,0.286,0.714,-0.34,Zimbabwe,ENG
2019-04-16,0,0.394,0.606,-0.5994,Zimbabwe,ENG
2019-04-16,0,0,1,0,Zimbabwe,ENG
2019-04-21,0.504,0,0.496,0.7269,Zimbabwe,ENG
2019-04-22,0,0.365,0.635,-0.3182,Zimbabwe,ENG
2019-04-20,0.351,0,0.649,0.4019,Zimbabwe,ENG
2019-04-20,0,0.315,0.685,-0.3182,Zimbabwe,ENG
2019-04-23,0,0.315,0.685,-0.3182,Zimbabwe,ENG
2019-04-24,0,0,1,0,Zimbabwe,ENG
2019-04-25,0,0,1,0,Zimbabwe,ENG
2019-04-25,0,0,1,0,Zimbabwe,ENG
2019-04-25,0,0,1,0,Zimbabwe,ENG
2019-04-25,0,0,1,0,Zimbabwe,ENG
2019-04-26,0,0,1,0,Zimbabwe,ENG
2019-04-26,0.483,0,0.517,0.6808,Zimbabwe,ENG
2019-04-28,0,0.634,0.366,-0.6369,Zimbabwe,ENG
2019-04-28,0,0,1,0,Zimbabwe,ENG
2019-05-01,0.209,0.25,0.541,-0.1531,Zimbabwe,ENG
2019-04-27,0,0,1,0,Zimbabwe,ENG
2019-05-01,0,0,1,0,Zimbabwe,ENG
2019-05-01,0,0,1,0,Zimbabwe,ENG
2019-05-01,0,0.247,0.753,-0.3182,Zimbabwe,ENG
2019-05-02,0,0.315,0.685,-0.3182,Zimbabwe,ENG
2019-05-02,0,0.562,0.438,-0.8271,Zimbabwe,ENG
2019-05-02,0,0.562,0.438,-0.8271,Zimbabwe,ENG
2019-05-02,0,0.315,0.685,-0.3182,Zimbabwe,ENG
2019-05-02,0,0.277,0.723,-0.3182,Zimbabwe,ENG
2019-05-01,0,0,1,0,Zimbabwe,ENG
2019-05-03,0.183,0.172,0.645,0.0258,Zimbabwe,ENG
2019-05-02,0.286,0,0.714,0.34,Zimbabwe,ENG
2019-05-03,0.178,0,0.822,0.3818,Zimbabwe,ENG
2019-05-03,0,0.262,0.738,-0.4939,Zimbabwe,ENG
2019-05-03,0.265,0.204,0.531,0.1779,Zimbabwe,ENG
2019-05-03,0,0,1,0,Zimbabwe,ENG
2019-05-03,0.089,0.185,0.726,-0.296,Zimbabwe,ENG
2019-05-03,0.189,0.182,0.629,0.0258,Zimbabwe,ENG
2019-05-03,0,0.173,0.827,-0.3182,Zimbabwe,ENG
2019-05-04,0,0,1,0,Zimbabwe,ENG
2019-05-04,0,0.317,0.683,-0.4039,Zimbabwe,ENG
2019-04-26,0,0,1,0,Zimbabwe,ENG
2019-05-05,0,0,1,0,Zimbabwe,ENG
2019-05-06,0,0.451,0.549,-0.6249,Zimbabwe,ENG
2019-05-06,0,0.286,0.714,-0.296,Zimbabwe,ENG
2019-05-06,0,0,1,0,Zimbabwe,ENG
2019-05-07,0,0.296,0.704,-0.2732,Zimbabwe,ENG
2019-05-09,0,0.262,0.738,-0.4939,Zimbabwe,ENG
2019-05-08,0,0,1,0,Zimbabwe,ENG
2019-05-10,0.245,0.33,0.426,-0.2023,Zimbabwe,ENG
2019-05-11,0,0.127,0.873,-0.1531,Zimbabwe,ENG
2019-05-12,0,0,1,0,Zimbabwe,ENG
2019-05-16,0,0.149,0.851,-0.1027,Zimbabwe,ENG
2019-05-16,0.211,0.195,0.594,0.0464,Zimbabwe,ENG
2019-05-16,0.328,0,0.672,0.5267,Zimbabwe,ENG
2019-05-17,0,0.247,0.753,-0.3182,Zimbabwe,ENG
2019-05-18,0,0,1,0,Zimbabwe,ENG
2019-05-19,0,0,1,0,Zimbabwe,ENG
2019-05-20,0,0,1,0,Zimbabwe,ENG
2019-05-20,0,0,1,0,Zimbabwe,ENG
2019-05-21,0,0,1,0,Zimbabwe,ENG
2019-05-15,0,0,1,0,Zimbabwe,ENG
2019-05-21,0,0,1,0,Zimbabwe,ENG
2019-05-22,0,0.315,0.685,-0.3182,Zimbabwe,ENG
2019-05-22,0,0.247,0.753,-0.3182,Zimbabwe,ENG
2019-05-22,0,0.316,0.684,-0.5719,Zimbabwe,ENG
2019-05-25,0,0.187,0.813,-0.3182,Zimbabwe,ENG
2019-05-25,0,0.187,0.813,-0.3182,Zimbabwe,ENG
2019-05-28,0,0.277,0.723,-0.3182,Zimbabwe,ENG
2019-05-28,0,0,1,0,Zimbabwe,ENG
2019-05-28,0,0,1,0,Zimbabwe,ENG
2019-05-28,0,0,1,0,Zimbabwe,ENG
2019-05-28,0.226,0.173,0.602,0.1779,Zimbabwe,ENG
2019-05-29,0.278,0,0.722,0.4019,Zimbabwe,ENG
2019-05-28,0,0.173,0.827,-0.3182,Zimbabwe,ENG
2019-05-29,0,0.091,0.909,-0.1531,Zimbabwe,ENG
2019-05-29,0,0.091,0.909,-0.1531,Zimbabwe,ENG
2019-05-30,0,0.13,0.87,-0.128,Zimbabwe,ENG
2019-05-30,0,0.204,0.796,-0.3182,Zimbabwe,ENG
2019-05-31,0,0.398,0.602,-0.6486,Zimbabwe,ENG
2019-05-31,0,0.187,0.813,-0.3182,Zimbabwe,ENG
2019-05-31,0,0,1,0,Zimbabwe,ENG
2019-06-01,0,0,1,0,Zimbabwe,ENG
2019-06-04,0,0.204,0.796,-0.3182,Zimbabwe,ENG
2019-06-08,0,0,1,0,Zimbabwe,ENG
2019-06-08,0,0,1,0,Zimbabwe,ENG
2019-06-09,0,0,1,0,Zimbabwe,ENG
2019-06-10,0.268,0,0.732,0.5106,Zimbabwe,ENG
2019-06-10,0,0,1,0,Zimbabwe,ENG
2019-06-10,0.643,0,0.357,0.6597,Zimbabwe,ENG
2019-06-12,0,0,1,0,Zimbabwe,ENG
2019-06-03,0,0,1,0,Zimbabwe,ENG
2019-06-13,0,0,1,0,Zimbabwe,ENG
2019-06-14,0.159,0.159,0.682,0,Zimbabwe,ENG
2019-06-14,0.159,0.159,0.682,0,Zimbabwe,ENG
2019-06-14,0,0.266,0.734,-0.4404,Zimbabwe,ENG
2019-06-15,0.182,0,0.818,0.25,Zimbabwe,ENG
2019-06-19,0.128,0.337,0.535,-0.5994,Zimbabwe,ENG
2019-06-25,0,0,1,0,Zimbabwe,ENG
2019-07-01,0,0.315,0.685,-0.3182,Zimbabwe,ENG
2019-07-01,0,0,1,0,Zimbabwe,ENG
2019-07-02,0.322,0.247,0.43,0.1761,Zimbabwe,ENG
2019-07-02,0.37,0,0.63,0.5719,Zimbabwe,ENG
2019-07-03,0,0,1,0,Zimbabwe,ENG
2019-07-03,0,0.315,0.685,-0.3182,Zimbabwe,ENG
2019-07-04,0.247,0,0.753,0.3182,Zimbabwe,ENG
2019-07-05,0,0,1,0,Zimbabwe,ENG
2019-07-06,0.243,0.296,0.461,0.0516,Zimbabwe,ENG
2019-07-06,0,0,1,0,Zimbabwe,ENG
2019-07-03,0,0.322,0.678,-0.2263,Zimbabwe,ENG
2019-07-06,0,0,1,0,Zimbabwe,ENG
2019-07-12,0,0.247,0.753,-0.3182,Zimbabwe,ENG
2019-07-16,0.306,0.139,0.556,0.4215,Zimbabwe,ENG
2019-07-13,0,0,1,0,Zimbabwe,ENG
2019-07-20,0,0.211,0.789,-0.1531,Zimbabwe,ENG
2019-07-25,0.31,0,0.69,0.2023,Zimbabwe,ENG
2019-07-26,0.29,0.197,0.513,0.2716,Zimbabwe,ENG
2019-08-04,0,0.278,0.722,-0.4019,Zimbabwe,ENG
2019-08-10,0.16,0.209,0.631,-0.25,Zimbabwe,ENG
2019-08-11,0,0.355,0.645,-0.6597,Zimbabwe,ENG
2019-08-11,0,0,1,0,Zimbabwe,ENG
2019-08-12,0.301,0.196,0.502,0.3182,Zimbabwe,ENG
2019-08-14,0.39,0,0.61,0.4939,Zimbabwe,ENG
2019-08-18,0,0,1,0,Zimbabwe,ENG
2019-08-27,0,0.449,0.551,-0.6908,Zimbabwe,ENG
2019-08-29,0.374,0,0.626,0.4576,Zimbabwe,ENG
2019-09-02,0,0,1,0,Zimbabwe,ENG
2019-09-03,0.252,0,0.748,0.4019,Zimbabwe,ENG
2019-09-03,0.231,0,0.769,0.128,Zimbabwe,ENG
2019-09-03,0,0,1,0,Zimbabwe,ENG
2019-09-04,0,0,1,0,Zimbabwe,ENG
2019-09-05,0,0,1,0,Zimbabwe,ENG
2019-09-17,0.451,0,0.549,0.4767,Zimbabwe,ENG
2019-09-17,0.451,0,0.549,0.4767,Zimbabwe,ENG
2019-09-19,0,0,1,0,Zimbabwe,ENG
2019-09-14,0,0,1,0,Zimbabwe,ENG
2019-09-20,0,0,1,0,Zimbabwe,ENG
2019-09-20,0,0,1,0,Zimbabwe,ENG
2019-09-20,0,0,1,0,Zimbabwe,ENG
2019-09-24,0,0,1,0,Zimbabwe,ENG
2019-09-24,0,0.242,0.758,-0.4939,Zimbabwe,ENG
2019-09-24,0,0,1,0,Zimbabwe,ENG
2019-09-29,0,0.127,0.873,-0.1531,Zimbabwe,ENG
2019-10-09,0.135,0.24,0.625,-0.25,Zimbabwe,ENG
2019-10-10,0,0.167,0.833,-0.1027,Zimbabwe,ENG
2019-10-19,0,0,1,0,Zimbabwe,ENG
2019-10-19,0,0.394,0.606,-0.5994,Zimbabwe,ENG
2019-10-20,0,0,1,0,Zimbabwe,ENG
2019-11-06,0,0,1,0,Zimbabwe,ENG
2019-03-25,0.265,0,0.735,0.5574,Zimbabwe,ENG
2019-11-11,0,0.176,0.824,-0.128,Zimbabwe,ENG
2019-11-11,0,0.307,0.693,-0.4767,Zimbabwe,ENG
2019-11-13,0,0.247,0.753,-0.3182,Zimbabwe,ENG
2019-11-17,0,0.223,0.777,-0.3182,Zimbabwe,ENG
2019-11-19,0,0,1,0,Zimbabwe,ENG
2019-11-21,0,0.481,0.519,-0.4019,Zimbabwe,ENG
2019-11-25,0.355,0,0.645,0.5106,Zimbabwe,ENG
2019-11-28,0,0.342,0.658,-0.3818,Zimbabwe,ENG
2019-11-29,0,0.342,0.658,-0.3818,Zimbabwe,ENG
2019-11-24,0,0.173,0.827,-0.3182,Zimbabwe,ENG
2019-12-09,0,0.266,0.734,-0.4404,Zimbabwe,ENG
2019-12-09,0,0.211,0.789,-0.1531,Zimbabwe,ENG
2019-12-11,0,0,1,0,Zimbabwe,ENG
2019-12-31,0,0.474,0.526,-0.5423,Zimbabwe,ENG
2020-01-02,0.194,0.209,0.597,-0.0516,Zimbabwe,ENG
2020-01-03,0.194,0.209,0.597,-0.0516,Zimbabwe,ENG
2020-01-04,0.157,0.203,0.64,-0.2023,Zimbabwe,ENG
2020-01-15,0.194,0.433,0.373,-0.4939,Zimbabwe,ENG
2020-01-24,0,0,1,0,Zimbabwe,ENG
2020-02-04,0,0,1,0,Zimbabwe,ENG
2020-02-09,0.216,0,0.784,0.5106,Zimbabwe,ENG
2020-02-09,0.216,0,0.784,0.5106,Zimbabwe,ENG
2020-02-22,0.127,0,0.873,0.4404,Zimbabwe,ENG
2020-02-27,0.398,0,0.602,0.5106,Zimbabwe,ENG
2020-03-02,0,0,1,0,Zimbabwe,ENG
2020-03-02,0,0,1,0,Zimbabwe,ENG
2020-03-03,0,0.313,0.687,-0.6249,Zimbabwe,ENG
2020-03-03,0,0.505,0.495,-0.6249,Zimbabwe,ENG
2020-03-12,0,0,1,0,Zimbabwe,ENG
2020-03-13,0,0,1,0,Zimbabwe,ENG
2020-03-13,0,0,1,0,Zimbabwe,ENG
2020-03-13,0,0.369,0.631,-0.6249,Zimbabwe,ENG
2020-03-13,0,0,1,0,Zimbabwe,ENG
2020-03-15,0.248,0.562,0.19,-0.5106,Zimbabwe,ENG
2020-03-15,0,0.375,0.625,-0.5859,Zimbabwe,ENG
2020-03-16,0.232,0.208,0.56,0.0772,Zimbabwe,ENG
2020-03-16,0.232,0.208,0.56,0.0772,Zimbabwe,ENG
2020-03-16,0.232,0.208,0.56,0.0772,Zimbabwe,ENG
2020-03-16,0.232,0.208,0.56,0.0772,Zimbabwe,ENG
2020-03-19,0,0,1,0,Zimbabwe,ENG
2020-03-19,0,0,1,0,Zimbabwe,ENG
2020-03-19,0,0,1,0,Zimbabwe,ENG
2020-03-20,0,0.186,0.814,-0.1531,Zimbabwe,ENG
2020-03-16,0,0,1,0,Zimbabwe,ENG
2020-03-22,0,0,1,0,Zimbabwe,ENG
2020-03-22,0,0.192,0.808,-0.2263,Zimbabwe,ENG
2020-03-22,0,0,1,0,Zimbabwe,ENG
2020-03-22,0,0,1,0,Zimbabwe,ENG
2020-03-21,0,0.192,0.808,-0.2263,Zimbabwe,ENG
2020-03-23,0,0,1,0,Zimbabwe,ENG
2020-03-24,0,0,1,0,Zimbabwe,ENG
2019-04-09,0,0,1,0,Zimbabwe,PT
2019-04-10,0,0.167,0.833,-0.296,Zimbabwe,PT
2019-04-12,0,0,1,0,Zimbabwe,PT
2019-04-13,0,0,1,0,Zimbabwe,PT
2019-04-14,0,0,1,0,Zimbabwe,PT
2019-04-14,0,0,1,0,Zimbabwe,PT
2019-04-15,0,0,1,0,Zimbabwe,PT
2019-04-17,0,0,1,0,Zimbabwe,PT
2019-04-18,0,0,1,0,Zimbabwe,PT
2019-04-19,0,0,1,0,Zimbabwe,PT
2019-04-23,0,0,1,0,Zimbabwe,PT
2019-04-23,0,0,1,0,Zimbabwe,PT
2019-03-16,0,0.216,0.784,-0.296,Zimbabwe,PT
2019-03-17,0,0,1,0,Zimbabwe,PT
2019-03-17,0,0.167,0.833,-0.296,Zimbabwe,PT
2019-03-18,0,0,1,0,Zimbabwe,PT
2019-03-18,0,0,1,0,Zimbabwe,PT
2019-03-18,0,0,1,0,Zimbabwe,PT
2019-03-18,0,0,1,0,Zimbabwe,PT
2019-03-19,0,0,1,0,Zimbabwe,PT
2019-03-19,0,0,1,0,Zimbabwe,PT
2019-03-19,0,0,1,0,Zimbabwe,PT
2019-03-19,0,0,1,0,Zimbabwe,PT
2019-03-19,0,0.115,0.885,-0.296,Zimbabwe,PT
2019-03-19,0,0,1,0,Zimbabwe,PT
2019-03-19,0,0,1,0,Zimbabwe,PT
2019-03-20,0,0,1,0,Zimbabwe,PT
2019-03-20,0,0,1,0,Zimbabwe,PT
2019-03-20,0,0.167,0.833,-0.296,Zimbabwe,PT
2019-03-20,0,0,1,0,Zimbabwe,PT
2019-03-20,0,0,1,0,Zimbabwe,PT
2019-03-20,0,0,1,0,Zimbabwe,PT
2019-03-20,0,0,1,0,Zimbabwe,PT
2019-03-20,0,0,1,0,Zimbabwe,PT
2019-03-20,0,0,1,0,Zimbabwe,PT
2019-03-20,0,0,1,0,Zimbabwe,PT
2019-03-20,0,0,1,0,Zimbabwe,PT
2019-03-20,0,0.155,0.845,-0.296,Zimbabwe,PT
2019-03-20,0,0,1,0,Zimbabwe,PT
2019-03-21,0,0,1,0,Zimbabwe,PT
2019-03-21,0,0,1,0,Zimbabwe,PT
2019-03-21,0,0,1,0,Zimbabwe,PT
2019-03-21,0,0,1,0,Zimbabwe,PT
2019-03-21,0,0,1,0,Zimbabwe,PT
2019-03-21,0,0,1,0,Zimbabwe,PT
2019-03-21,0,0.196,0.804,-0.296,Zimbabwe,PT
2019-03-21,0,0.155,0.845,-0.296,Zimbabwe,PT
2019-03-21,0,0,1,0,Zimbabwe,PT
2019-03-21,0,0,1,0,Zimbabwe,PT
2019-03-22,0,0,1,0,Zimbabwe,PT
2019-03-22,0,0,1,0,Zimbabwe,PT
2019-03-22,0,0,1,0,Zimbabwe,PT
2019-03-22,0,0,1,0,Zimbabwe,PT
2019-03-23,0,0,1,0,Zimbabwe,PT
2019-03-23,0,0,1,0,Zimbabwe,PT
2019-03-23,0,0,1,0,Zimbabwe,PT
2019-03-23,0,0,1,0,Zimbabwe,PT
2019-03-24,0,0,1,0,Zimbabwe,PT
2019-03-24,0,0,1,0,Zimbabwe,PT
2019-03-24,0,0,1,0,Zimbabwe,PT
2019-03-24,0,0,1,0,Zimbabwe,PT
2019-03-24,0,0,1,0,Zimbabwe,PT
2019-03-24,0,0,1,0,Zimbabwe,PT
2019-03-25,0,0,1,0,Zimbabwe,PT
2019-03-25,0,0,1,0,Zimbabwe,PT
2019-03-25,0,0,1,0,Zimbabwe,PT
2019-03-25,0,0,1,0,Zimbabwe,PT
2019-03-25,0,0.196,0.804,-0.296,Zimbabwe,PT
2019-03-26,0,0,1,0,Zimbabwe,PT
2019-03-26,0,0,1,0,Zimbabwe,PT
2019-03-26,0,0,1,0,Zimbabwe,PT
2019-03-26,0.275,0,0.725,0.5859,Zimbabwe,PT
2019-03-26,0,0,1,0,Zimbabwe,PT
2019-03-26,0,0,1,0,Zimbabwe,PT
2019-03-26,0,0,1,0,Zimbabwe,PT
2019-03-26,0,0,1,0,Zimbabwe,PT
2019-03-27,0,0,1,0,Zimbabwe,PT
2019-03-27,0,0,1,0,Zimbabwe,PT
2019-03-27,0,0,1,0,Zimbabwe,PT
2019-03-27,0,0.167,0.833,-0.296,Zimbabwe,PT
2019-03-28,0,0,1,0,Zimbabwe,PT
2019-03-28,0,0,1,0,Zimbabwe,PT
2019-03-29,0,0,1,0,Zimbabwe,PT
2019-03-29,0,0,1,0,Zimbabwe,PT
2019-03-30,0,0,1,0,Zimbabwe,PT
2019-03-30,0,0,1,0,Zimbabwe,PT
2019-03-30,0,0,1,0,Zimbabwe,PT
2019-03-30,0,0.18,0.82,-0.296,Zimbabwe,PT
2019-03-31,0,0.18,0.82,-0.296,Zimbabwe,PT
2019-03-31,0,0,1,0,Zimbabwe,PT
2019-04-01,0,0,1,0,Zimbabwe,PT
2019-04-01,0,0,1,0,Zimbabwe,PT
2019-04-01,0,0,1,0,Zimbabwe,PT
2019-04-02,0,0,1,0,Zimbabwe,PT
2019-04-02,0,0,1,0,Zimbabwe,PT
2019-04-02,0,0,1,0,Zimbabwe,PT
2019-04-02,0,0,1,0,Zimbabwe,PT
2019-04-03,0,0,1,0,Zimbabwe,PT
2019-04-03,0,0,1,0,Zimbabwe,PT
2019-04-03,0,0,1,0,Zimbabwe,PT
2019-04-03,0,0,1,0,Zimbabwe,PT
2019-04-03,0,0,1,0,Zimbabwe,PT
2019-04-03,0,0,1,0,Zimbabwe,PT
2019-04-03,0,0,1,0,Zimbabwe,PT
2019-04-03,0,0,1,0,Zimbabwe,PT
2019-04-03,0,0,1,0,Zimbabwe,PT
2019-04-04,0,0,1,0,Zimbabwe,PT
2019-04-05,0,0,1,0,Zimbabwe,PT
2019-04-05,0,0,1,0,Zimbabwe,PT
2019-04-05,0,0,1,0,Zimbabwe,PT
2019-04-07,0,0.196,0.804,-0.296,Zimbabwe,PT
2019-04-07,0,0,1,0,Zimbabwe,PT
2019-04-07,0,0,1,0,Zimbabwe,PT
2019-04-08,0,0,1,0,Zimbabwe,PT
2019-04-08,0,0,1,0,Zimbabwe,PT
2019-04-08,0,0,1,0,Zimbabwe,PT
2019-04-11,0,0,1,0,Zimbabwe,PT
2019-04-12,0,0,1,0,Zimbabwe,PT
2019-04-19,0,0,1,0,Zimbabwe,PT
2019-05-03,0,0,1,0,Zimbabwe,PT
2019-05-03,0,0,1,0,Zimbabwe,PT
2019-07-12,0,0,1,0,Zimbabwe,PT
2019-08-13,0,0,1,0,Zimbabwe,PT
2019-09-17,0,0,1,0,Zimbabwe,PT
2019-09-21,0,0,1,0,Zimbabwe,PT
2019-09-21,0,0,1,0,Zimbabwe,PT
2019-10-11,0,0,1,0,Zimbabwe,PT
2019-11-18,0,0,1,0,Zimbabwe,PT
2019-11-19,0,0,1,0,Zimbabwe,PT
2019-11-22,0,0,1,0,Zimbabwe,PT
2019-11-25,0,0.32,0.68,-0.5106,Zimbabwe,PT
2019-11-26,0,0,1,0,Zimbabwe,PT
2020-03-10,0,0,1,0,Zimbabwe,PT
2020-03-12,0,0,1,0,Zimbabwe,PT
2020-03-12,0,0,1,0,Zimbabwe,PT
2020-03-13,0,0.109,0.891,-0.296,Zimbabwe,PT
2020-03-13,0,0,1,0,Zimbabwe,PT
2019-04-06,0.201,0.149,0.649,0.2023,Mozambique,ENG
2019-04-09,0,0.211,0.789,-0.4939,Mozambique,ENG
2019-04-09,0,0.211,0.789,-0.4939,Mozambique,ENG
2019-04-11,0,0.539,0.461,-0.8481,Mozambique,ENG
2019-04-10,0,0.323,0.677,-0.6486,Mozambique,ENG
2019-03-21,0,0.302,0.698,-0.5994,Mozambique,ENG
2019-03-19,0,0,1,0,Mozambique,ENG
2019-04-11,0,0.172,0.828,-0.4019,Mozambique,ENG
2019-04-11,0,0.176,0.824,-0.128,Mozambique,ENG
2019-04-11,0,0.197,0.803,-0.4019,Mozambique,ENG
2019-04-11,0.237,0,0.763,0.4767,Mozambique,ENG
2019-04-12,0,0.182,0.818,-0.4404,Mozambique,ENG
2019-04-12,0,0.277,0.723,-0.3182,Mozambique,ENG
2019-04-13,0.114,0,0.886,0.2023,Mozambique,ENG
2019-04-14,0.328,0.125,0.547,0.5574,Mozambique,ENG
2019-04-15,0,0.174,0.826,-0.2732,Mozambique,ENG
2019-04-15,0,0.174,0.826,-0.2732,Mozambique,ENG
2019-04-14,0,0,1,0,Mozambique,ENG
2019-04-15,0,0.3,0.7,-0.4588,Mozambique,ENG
2019-04-16,0.203,0.094,0.703,0.4215,Mozambique,ENG
2019-04-17,0.192,0,0.808,0.2263,Mozambique,ENG
2019-04-18,0,0.204,0.796,-0.3182,Mozambique,ENG
2019-04-18,0,0.421,0.579,-0.6249,Mozambique,ENG
2019-04-19,0,0,1,0,Mozambique,ENG
2019-04-20,0,0,1,0,Mozambique,ENG
2019-04-02,0,0.328,0.672,-0.5994,Mozambique,ENG
2019-04-20,0,0,1,0,Mozambique,ENG
2019-04-21,0,0,1,0,Mozambique,ENG
2019-04-19,0,0,1,0,Mozambique,ENG
2019-04-19,0,0,1,0,Mozambique,ENG
2019-04-19,0,0,1,0,Mozambique,ENG
2019-04-23,0,0.204,0.796,-0.3182,Mozambique,ENG
2019-04-25,0,0,1,0,Mozambique,ENG
2019-04-25,0,0,1,0,Mozambique,ENG
2019-04-09,0,0,1,0,Mozambique,ENG
2019-04-26,0,0,1,0,Mozambique,ENG
2019-03-12,0,0,1,0,Mozambique,ENG
2019-03-13,0,0.281,0.719,-0.5994,Mozambique,ENG
2019-03-14,0,0.281,0.719,-0.5994,Mozambique,ENG
2019-03-14,0,0.301,0.699,-0.6486,Mozambique,ENG
2019-03-15,0,0,1,0,Mozambique,ENG
2019-03-15,0,0,1,0,Mozambique,ENG
2019-03-15,0,0,1,0,Mozambique,ENG
2019-03-15,0,0,1,0,Mozambique,ENG
2019-03-14,0,0,1,0,Mozambique,ENG
2019-03-14,0,0,1,0,Mozambique,ENG
2019-03-15,0,0,1,0,Mozambique,ENG
2019-03-15,0,0,1,0,Mozambique,ENG
2019-03-16,0.218,0.289,0.493,-0.25,Mozambique,ENG
2019-03-16,0,0.35,0.65,-0.6486,Mozambique,ENG
2019-03-16,0,0.35,0.65,-0.6486,Mozambique,ENG
2019-03-16,0,0.35,0.65,-0.6486,Mozambique,ENG
2019-03-16,0,0.412,0.588,-0.7902,Mozambique,ENG
2019-03-16,0,0.386,0.614,-0.6597,Mozambique,ENG
2019-03-16,0.375,0,0.625,0.4939,Mozambique,ENG
2019-03-16,0,0.259,0.741,-0.5423,Mozambique,ENG
2019-03-16,0,0.35,0.65,-0.6486,Mozambique,ENG
2019-03-16,0,0.381,0.619,-0.6486,Mozambique,ENG
2019-03-16,0,0.386,0.614,-0.6597,Mozambique,ENG
2019-03-16,0,0.149,0.851,-0.1027,Mozambique,ENG
2019-03-16,0,0.381,0.619,-0.6486,Mozambique,ENG
2019-03-17,0,0.386,0.614,-0.6597,Mozambique,ENG
2019-03-17,0,0.386,0.614,-0.6597,Mozambique,ENG
2019-03-17,0,0.35,0.65,-0.6486,Mozambique,ENG
2019-03-16,0,0.417,0.583,-0.6486,Mozambique,ENG
2019-03-17,0,0.559,0.441,-0.5859,Mozambique,ENG
2019-03-17,0,0.304,0.696,-0.5423,Mozambique,ENG
2019-03-17,0,0.423,0.577,-0.6597,Mozambique,ENG
2019-03-17,0,0.429,0.571,-0.6705,Mozambique,ENG
2019-03-17,0,0.27,0.73,-0.5719,Mozambique,ENG
2019-03-18,0,0.36,0.64,-0.7351,Mozambique,ENG
2019-03-18,0,0.281,0.719,-0.5994,Mozambique,ENG
2019-03-17,0,0.423,0.577,-0.6597,Mozambique,ENG
2019-03-16,0,0.328,0.672,-0.5994,Mozambique,ENG
2019-03-18,0,0.421,0.579,-0.8402,Mozambique,ENG
2019-03-18,0,0.421,0.579,-0.8402,Mozambique,ENG
2019-03-18,0,0.427,0.573,-0.8481,Mozambique,ENG
2019-03-17,0,0.281,0.719,-0.5994,Mozambique,ENG
2019-03-18,0,0.421,0.579,-0.8402,Mozambique,ENG
2019-03-17,0,0.328,0.672,-0.5994,Mozambique,ENG
2019-03-16,0,0.328,0.672,-0.5994,Mozambique,ENG
2019-03-18,0,0.417,0.583,-0.6486,Mozambique,ENG
2019-03-17,0,0.402,0.598,-0.8126,Mozambique,ENG
2019-03-16,0,0.419,0.581,-0.7579,Mozambique,ENG
2019-03-16,0,0.328,0.672,-0.5994,Mozambique,ENG
2019-03-18,0,0.493,0.507,-0.7783,Mozambique,ENG
2019-03-18,0,0.484,0.516,-0.8176,Mozambique,ENG
2019-03-18,0,0.4,0.6,-0.8402,Mozambique,ENG
2019-03-18,0,0.444,0.556,-0.8402,Mozambique,ENG
2019-03-18,0,0.444,0.556,-0.8402,Mozambique,ENG
2019-03-18,0,0.245,0.755,-0.5994,Mozambique,ENG
2019-03-18,0,0.364,0.636,-0.8402,Mozambique,ENG
2019-03-18,0,0.245,0.755,-0.5994,Mozambique,ENG
2019-03-18,0,0,1,0,Mozambique,ENG
2019-03-18,0,0.392,0.608,-0.7964,Mozambique,ENG
2019-03-18,0,0.484,0.516,-0.8176,Mozambique,ENG
2019-03-18,0,0.463,0.537,-0.83,Mozambique,ENG
2019-03-18,0,0.484,0.516,-0.8176,Mozambique,ENG
2019-03-18,0,0.318,0.682,-0.4215,Mozambique,ENG
2019-03-18,0.238,0.189,0.574,0.1531,Mozambique,ENG
2019-03-18,0,0.47,0.53,-0.7351,Mozambique,ENG
2019-03-18,0,0,1,0,Mozambique,ENG
2019-03-18,0,0.392,0.608,-0.7964,Mozambique,ENG
2019-03-18,0,0,1,0,Mozambique,ENG
2019-03-16,0.11,0.39,0.5,-0.5859,Mozambique,ENG
2019-03-18,0,0.513,0.487,-0.9118,Mozambique,ENG
2019-03-19,0.131,0.285,0.584,-0.4767,Mozambique,ENG
2019-03-16,0.11,0.39,0.5,-0.5859,Mozambique,ENG
2019-03-19,0,0,1,0,Mozambique,ENG
2019-03-19,0,0.36,0.64,-0.7351,Mozambique,ENG
2019-03-16,0.11,0.39,0.5,-0.5859,Mozambique,ENG
2019-03-18,0,0.455,0.545,-0.8176,Mozambique,ENG
2019-03-18,0,0,1,0,Mozambique,ENG
2019-03-18,0,0.264,0.736,-0.6486,Mozambique,ENG
2019-03-19,0,0.652,0.348,-0.8176,Mozambique,ENG
2019-03-19,0,0.414,0.586,-0.83,Mozambique,ENG
2019-03-19,0.188,0.355,0.457,-0.5667,Mozambique,ENG
2019-03-19,0,0.29,0.71,-0.6705,Mozambique,ENG
2019-03-19,0,0.528,0.472,-0.9042,Mozambique,ENG
2019-03-18,0.091,0.198,0.711,-0.4767,Mozambique,ENG
2019-03-19,0,0.34,0.66,-0.5574,Mozambique,ENG
2019-03-18,0,0.258,0.742,-0.1877,Mozambique,ENG
2019-03-19,0,0.652,0.348,-0.8176,Mozambique,ENG
2019-03-19,0,0,1,0,Mozambique,ENG
2019-03-19,0,0,1,0,Mozambique,ENG
2019-03-19,0,0.49,0.51,-0.8271,Mozambique,ENG
2019-03-19,0.121,0.405,0.474,-0.7506,Mozambique,ENG
2019-03-19,0.121,0.405,0.474,-0.7506,Mozambique,ENG
2019-03-18,0,0.35,0.65,-0.6486,Mozambique,ENG
2019-03-18,0,0.281,0.719,-0.5994,Mozambique,ENG
2019-03-17,0,0.281,0.719,-0.5994,Mozambique,ENG
2019-03-18,0,0.281,0.719,-0.5994,Mozambique,ENG
2019-03-19,0,0.406,0.594,-0.8481,Mozambique,ENG
2019-03-19,0,0.286,0.714,-0.4588,Mozambique,ENG
2019-03-19,0,0.28,0.72,-0.5423,Mozambique,ENG
2019-03-19,0.167,0,0.833,0.0516,Mozambique,ENG
2019-03-19,0,0,1,0,Mozambique,ENG
2019-03-19,0,0.31,0.69,-0.6705,Mozambique,ENG
2019-03-19,0,0.323,0.677,-0.6486,Mozambique,ENG
2019-03-19,0.173,0.25,0.577,-0.0516,Mozambique,ENG
2019-03-19,0.277,0,0.723,0.3182,Mozambique,ENG
2019-03-19,0,0.173,0.827,-0.3182,Mozambique,ENG
2019-03-19,0,0.286,0.714,-0.4215,Mozambique,ENG
2019-03-19,0.248,0,0.752,0.5106,Mozambique,ENG
2019-03-20,0,0.506,0.494,-0.6249,Mozambique,ENG
2019-03-19,0.248,0,0.752,0.5106,Mozambique,ENG
2019-03-18,0,0.513,0.487,-0.9118,Mozambique,ENG
2019-03-16,0,0.167,0.833,-0.0516,Mozambique,ENG
2019-03-16,0,0.167,0.833,-0.0516,Mozambique,ENG
2019-03-19,0,0.223,0.777,-0.3182,Mozambique,ENG
2019-03-19,0,0,1,0,Mozambique,ENG
2019-03-19,0,0.559,0.441,-0.5859,Mozambique,ENG
2019-03-20,0,0.323,0.677,-0.6486,Mozambique,ENG
2019-03-20,0,0.247,0.753,-0.5574,Mozambique,ENG
2019-03-20,0,0.247,0.753,-0.5574,Mozambique,ENG
2019-03-20,0,0.517,0.483,-0.8176,Mozambique,ENG
2019-03-19,0,0.439,0.561,-0.5719,Mozambique,ENG
2019-03-16,0,0,1,0,Mozambique,ENG
2019-03-20,0,0,1,0,Mozambique,ENG
2019-03-20,0,0.323,0.677,-0.6486,Mozambique,ENG
2019-03-16,0,0,1,0,Mozambique,ENG
2019-03-20,0,0.323,0.677,-0.6486,Mozambique,ENG
2019-03-20,0,0.455,0.545,-0.8176,Mozambique,ENG
2019-03-20,0,0,1,0,Mozambique,ENG
2019-03-20,0,0.562,0.438,-0.8271,Mozambique,ENG
2019-03-20,0,0.565,0.435,-0.9136,Mozambique,ENG
2019-03-20,0,0.524,0.476,-0.8271,Mozambique,ENG
2019-03-20,0,0.313,0.687,-0.6249,Mozambique,ENG
2019-03-20,0.205,0.221,0.574,-0.0516,Mozambique,ENG
2019-03-20,0,0.444,0.556,-0.7506,Mozambique,ENG
2019-03-20,0,0.281,0.719,-0.5994,Mozambique,ENG
2019-03-20,0,0.286,0.714,-0.4939,Mozambique,ENG
2019-03-20,0,0,1,0,Mozambique,ENG
2019-03-20,0,0.381,0.619,-0.6486,Mozambique,ENG
2019-03-20,0,0.266,0.734,-0.4404,Mozambique,ENG
2019-03-20,0.383,0,0.617,0.4767,Mozambique,ENG
2019-03-20,0,0.439,0.561,-0.5719,Mozambique,ENG
2019-03-20,0,0.342,0.658,-0.6369,Mozambique,ENG
2019-03-19,0,0.394,0.606,-0.5994,Mozambique,ENG
2019-03-20,0.115,0.08,0.804,0.25,Mozambique,ENG
2019-03-20,0,0.302,0.698,-0.5994,Mozambique,ENG
2019-03-20,0.138,0.297,0.564,-0.4767,Mozambique,ENG
2019-03-20,0.067,0.445,0.488,-0.7351,Mozambique,ENG
2019-03-29,0,0.394,0.606,-0.5994,Mozambique,ENG
2019-03-20,0,0.423,0.577,-0.6808,Mozambique,ENG
2019-03-20,0,0.423,0.577,-0.6808,Mozambique,ENG
2019-03-20,0.387,0,0.613,0.7876,Mozambique,ENG
2019-03-19,0,0.394,0.606,-0.5994,Mozambique,ENG
2019-03-18,0.248,0,0.752,0.5106,Mozambique,ENG
2019-03-20,0,0.562,0.438,-0.8271,Mozambique,ENG
2019-03-19,0,0,1,0,Mozambique,ENG
2019-03-20,0,0.424,0.576,-0.7096,Mozambique,ENG
2019-03-19,0,0.381,0.619,-0.5719,Mozambique,ENG
2019-03-20,0,0.381,0.619,-0.6486,Mozambique,ENG
2019-03-20,0,0,1,0,Mozambique,ENG
2019-03-21,0,0.245,0.755,-0.5994,Mozambique,ENG
2019-03-20,0,0.539,0.461,-0.8481,Mozambique,ENG
2019-03-20,0.27,0.23,0.5,0.1027,Mozambique,ENG
2019-03-20,0,0.574,0.426,-0.8957,Mozambique,ENG
2019-03-19,0,0.394,0.606,-0.5994,Mozambique,ENG
2019-03-21,0,0,1,0,Mozambique,ENG
2019-03-20,0,0.412,0.588,-0.4215,Mozambique,ENG
2019-03-20,0,0,1,0,Mozambique,ENG
2019-03-19,0.286,0,0.714,0.4215,Mozambique,ENG
2019-03-20,0,0,1,0,Mozambique,ENG
2019-03-20,0,0.225,0.775,-0.4404,Mozambique,ENG
2019-03-20,0,0.262,0.738,-0.5994,Mozambique,ENG
2019-03-21,0,0.393,0.607,-0.8555,Mozambique,ENG
2019-03-21,0,0.379,0.621,-0.7717,Mozambique,ENG
2019-03-20,0,0.401,0.599,-0.7717,Mozambique,ENG
2019-03-20,0,0.435,0.565,-0.8271,Mozambique,ENG
2019-03-21,0.228,0.254,0.518,-0.128,Mozambique,ENG
2019-03-21,0.228,0.254,0.518,-0.128,Mozambique,ENG
2019-03-21,0.211,0.32,0.469,-0.34,Mozambique,ENG
2019-03-21,0,0,1,0,Mozambique,ENG
2019-03-21,0.129,0.44,0.431,-0.7579,Mozambique,ENG
2019-03-21,0,0.321,0.679,-0.6369,Mozambique,ENG
2019-03-21,0,0.369,0.631,-0.6249,Mozambique,ENG
2019-03-21,0,0.281,0.719,-0.5994,Mozambique,ENG
2019-03-21,0.27,0.23,0.5,0.1027,Mozambique,ENG
2019-03-21,0,0.281,0.719,-0.5994,Mozambique,ENG
2019-03-21,0,0.342,0.658,-0.8074,Mozambique,ENG
2019-03-21,0,0.339,0.661,-0.6249,Mozambique,ENG
2019-03-21,0,0.216,0.784,-0.296,Mozambique,ENG
2019-03-21,0,0.308,0.692,-0.6124,Mozambique,ENG
2019-03-21,0.448,0,0.552,0.7579,Mozambique,ENG
2019-03-20,0.076,0.16,0.764,-0.296,Mozambique,ENG
2019-03-21,0,0.371,0.629,-0.7579,Mozambique,ENG
2019-04-04,0,0,1,0,Mozambique,ENG
2019-03-21,0.091,0,0.909,0.0258,Mozambique,ENG
2019-03-21,0.197,0.129,0.674,0.296,Mozambique,ENG
2019-03-21,0,0.178,0.822,-0.3818,Mozambique,ENG
2019-03-20,0.066,0.227,0.707,-0.6369,Mozambique,ENG
2019-03-21,0,0.381,0.619,-0.6486,Mozambique,ENG
2019-03-21,0.385,0.201,0.414,0.4767,Mozambique,ENG
2019-03-21,0.231,0,0.769,0.2732,Mozambique,ENG
2019-03-21,0,0.371,0.629,-0.7579,Mozambique,ENG
2019-03-21,0.152,0.295,0.553,-0.4767,Mozambique,ENG
2019-03-19,0,0,1,0,Mozambique,ENG
2019-03-21,0,0,1,0,Mozambique,ENG
2019-03-22,0,0.545,0.455,-0.8555,Mozambique,ENG
2019-03-22,0.166,0.482,0.352,-0.743,Mozambique,ENG
2019-03-21,0.39,0,0.61,0.4939,Mozambique,ENG
2019-03-22,0,0.425,0.575,-0.5719,Mozambique,ENG
2019-03-21,0,0.302,0.698,-0.5994,Mozambique,ENG
2019-03-21,0,0.281,0.719,-0.5994,Mozambique,ENG
2019-03-21,0.245,0.209,0.545,0.1027,Mozambique,ENG
2019-03-19,0,0,1,0,Mozambique,ENG
2019-03-22,0.182,0.376,0.442,-0.5423,Mozambique,ENG
2019-03-21,0.314,0,0.686,0.4939,Mozambique,ENG
2019-03-22,0,0.302,0.698,-0.5994,Mozambique,ENG
2019-03-22,0,0,1,0,Mozambique,ENG
2019-03-22,0,0,1,0,Mozambique,ENG
2019-03-22,0,0,1,0,Mozambique,ENG
2019-03-22,0,0,1,0,Mozambique,ENG
2019-03-22,0,0.427,0.573,-0.7717,Mozambique,ENG
2019-03-20,0,0.297,0.703,-0.6705,Mozambique,ENG
2019-03-22,0,0.456,0.544,-0.7717,Mozambique,ENG
2019-03-22,0.292,0.09,0.618,0.5574,Mozambique,ENG
2019-03-22,0,0.206,0.794,-0.3818,Mozambique,ENG
2019-03-22,0,0.133,0.867,-0.25,Mozambique,ENG
2019-03-22,0,0.262,0.738,-0.5994,Mozambique,ENG
2019-03-22,0,0,1,0,Mozambique,ENG
2019-03-22,0,0.256,0.744,-0.4767,Mozambique,ENG
2019-03-22,0,0.302,0.698,-0.5994,Mozambique,ENG
2019-03-22,0,0.327,0.673,-0.6557,Mozambique,ENG
2019-03-22,0,0,1,0,Mozambique,ENG
2019-03-22,0,0,1,0,Mozambique,ENG
2019-03-21,0,0.393,0.607,-0.8658,Mozambique,ENG
2019-03-22,0.247,0,0.753,0.3182,Mozambique,ENG
2019-03-22,0,0.386,0.614,-0.6597,Mozambique,ENG
2019-03-22,0,0.576,0.424,-0.7783,Mozambique,ENG
2019-03-22,0,0.281,0.719,-0.5994,Mozambique,ENG
2019-03-20,0,0.252,0.748,-0.5719,Mozambique,ENG
2019-03-21,0,0.249,0.751,-0.6486,Mozambique,ENG
2019-03-22,0,0.379,0.621,-0.6705,Mozambique,ENG
2019-03-22,0,0.17,0.83,-0.6486,Mozambique,ENG
2019-03-22,0.385,0,0.615,0.6124,Mozambique,ENG
2019-03-22,0.145,0.417,0.439,-0.7351,Mozambique,ENG
2019-03-22,0.2,0,0.8,0.3612,Mozambique,ENG
2019-03-21,0,0.206,0.794,-0.3818,Mozambique,ENG
2019-03-21,0,0,1,0,Mozambique,ENG
2019-03-22,0,0,1,0,Mozambique,ENG
2019-03-22,0.078,0,0.922,0.0258,Mozambique,ENG
2019-03-21,0,0.302,0.698,-0.5994,Mozambique,ENG
2019-03-22,0,0,1,0,Mozambique,ENG
2019-03-22,0.31,0,0.69,0.4019,Mozambique,ENG
2019-03-22,0,0.328,0.672,-0.5994,Mozambique,ENG
2019-03-22,0,0.528,0.472,-0.7717,Mozambique,ENG
2019-03-21,0,0,1,0,Mozambique,ENG
2019-03-21,0,0,1,0,Mozambique,ENG
2019-03-23,0,0.218,0.782,-0.5994,Mozambique,ENG
2019-03-23,0,0,1,0,Mozambique,ENG
2019-03-23,0,0.381,0.619,-0.6486,Mozambique,ENG
2019-03-23,0.079,0.258,0.662,-0.5719,Mozambique,ENG
2019-03-22,0.078,0,0.922,0.0258,Mozambique,ENG
2019-03-21,0.252,0,0.748,0.4019,Mozambique,ENG
2019-03-23,0,0.358,0.642,-0.5994,Mozambique,ENG
2019-03-22,0,0.231,0.769,-0.5994,Mozambique,ENG
2019-03-23,0,0.571,0.429,-0.8519,Mozambique,ENG
2019-03-23,0,0.302,0.698,-0.5994,Mozambique,ENG
2019-03-23,0.184,0.07,0.746,0.3182,Mozambique,ENG
2019-03-23,0,0.204,0.796,-0.3182,Mozambique,ENG
2019-03-23,0.19,0.333,0.476,-0.2732,Mozambique,ENG
2019-03-23,0,0.161,0.839,-0.3182,Mozambique,ENG
2019-03-23,0,0,1,0,Mozambique,ENG
2019-03-23,0,0,1,0,Mozambique,ENG
2019-03-23,0,0,1,0,Mozambique,ENG
2019-03-24,0,0.438,0.562,-0.5994,Mozambique,ENG
2019-03-24,0.09,0.077,0.833,0.1027,Mozambique,ENG
2019-03-24,0,0,1,0,Mozambique,ENG
2019-03-22,0.31,0,0.69,0.4019,Mozambique,ENG
2019-03-24,0,0.249,0.751,-0.6486,Mozambique,ENG
2019-03-24,0.112,0.274,0.614,-0.6705,Mozambique,ENG
2019-03-23,0.392,0,0.608,0.7003,Mozambique,ENG
2019-03-23,0,0.417,0.583,-0.6486,Mozambique,ENG
2019-03-24,0,0.302,0.698,-0.5994,Mozambique,ENG
2019-03-24,0.117,0.172,0.711,-0.3182,Mozambique,ENG
2019-03-24,0,0.302,0.698,-0.5994,Mozambique,ENG
2019-03-23,0,0.216,0.784,-0.296,Mozambique,ENG
2019-03-22,0,0,1,0,Mozambique,ENG
2019-03-24,0,0.231,0.769,-0.5994,Mozambique,ENG
2019-03-24,0,0.302,0.698,-0.5994,Mozambique,ENG
2019-03-24,0,0,1,0,Mozambique,ENG
2019-03-24,0,0,1,0,Mozambique,ENG
2019-03-24,0,0,1,0,Mozambique,ENG
2019-03-24,0,0.328,0.672,-0.5994,Mozambique,ENG
2019-03-24,0,0,1,0,Mozambique,ENG
2019-03-23,0,0.302,0.698,-0.5994,Mozambique,ENG
2019-03-23,0,0.394,0.606,-0.5994,Mozambique,ENG
2019-03-29,0,0.302,0.698,-0.5994,Mozambique,ENG
2019-03-24,0,0,1,0,Mozambique,ENG
2019-03-24,0.197,0,0.803,0.4019,Mozambique,ENG
2019-03-24,0,0,1,0,Mozambique,ENG
2019-03-24,0,0.304,0.696,-0.5423,Mozambique,ENG
2019-03-24,0,0,1,0,Mozambique,ENG
2019-03-25,0,0.286,0.714,-0.4939,Mozambique,ENG
2019-03-25,0,0.394,0.606,-0.5994,Mozambique,ENG
2019-03-25,0,0.216,0.784,-0.296,Mozambique,ENG
2019-03-24,0,0.394,0.606,-0.5994,Mozambique,ENG
2019-03-24,0,0.333,0.667,-0.5423,Mozambique,ENG
2019-03-25,0,0.231,0.769,-0.5994,Mozambique,ENG
2019-03-25,0.25,0.185,0.565,0.2023,Mozambique,ENG
2019-03-25,0.144,0.214,0.642,-0.3182,Mozambique,ENG
2019-03-25,0,0,1,0,Mozambique,ENG
2019-03-25,0.146,0.457,0.397,-0.6908,Mozambique,ENG
2019-03-25,0,0.157,0.843,-0.4215,Mozambique,ENG
2019-03-23,0,0,1,0,Mozambique,ENG
2019-03-25,0,0,1,0,Mozambique,ENG
2019-03-24,0,0,1,0,Mozambique,ENG
2019-03-25,0.379,0,0.621,0.6705,Mozambique,ENG
2019-03-25,0.435,0,0.565,0.6597,Mozambique,ENG
2019-03-25,0,0,1,0,Mozambique,ENG
2019-03-25,0,0,1,0,Mozambique,ENG
2019-03-25,0,0,1,0,Mozambique,ENG
2019-03-26,0.219,0.185,0.596,0.128,Mozambique,ENG
2019-03-26,0.204,0,0.796,0.3182,Mozambique,ENG
2019-03-25,0,0.424,0.576,-0.7096,Mozambique,ENG
2019-03-25,0,0.333,0.667,-0.3612,Mozambique,ENG
2019-03-26,0,0.304,0.696,-0.5423,Mozambique,ENG
2019-03-26,0,0.167,0.833,-0.1531,Mozambique,ENG
2019-03-26,0,0.11,0.89,-0.1531,Mozambique,ENG
2019-03-22,0,0.348,0.652,-0.4939,Mozambique,ENG
2019-03-26,0,0.212,0.788,-0.6486,Mozambique,ENG
2019-03-25,0,0,1,0,Mozambique,ENG
2019-03-25,0,0.333,0.667,-0.5423,Mozambique,ENG
2019-03-26,0,0.416,0.584,-0.7506,Mozambique,ENG
2019-03-24,0.11,0.212,0.678,-0.296,Mozambique,ENG
2019-03-26,0,0.467,0.533,-0.7906,Mozambique,ENG
2019-03-25,0.126,0.371,0.503,-0.5994,Mozambique,ENG
2019-03-26,0,0.223,0.777,-0.3182,Mozambique,ENG
2019-03-26,0.155,0.099,0.745,0.2263,Mozambique,ENG
2019-03-26,0,0.167,0.833,-0.34,Mozambique,ENG
2019-03-26,0,0,1,0,Mozambique,ENG
2019-03-27,0,0.415,0.585,-0.8591,Mozambique,ENG
2019-03-25,0,0.343,0.657,-0.5719,Mozambique,ENG
2019-03-27,0.08,0,0.92,0.0772,Mozambique,ENG
2019-03-26,0,0.333,0.667,-0.5423,Mozambique,ENG
2019-03-26,0.152,0,0.848,0.3612,Mozambique,ENG
2019-03-26,0,0.211,0.789,-0.34,Mozambique,ENG
2019-03-27,0,0,1,0,Mozambique,ENG
2019-03-26,0,0.467,0.533,-0.7906,Mozambique,ENG
2019-03-27,0.217,0,0.783,0.3612,Mozambique,ENG
2019-03-27,0,0,1,0,Mozambique,ENG
2019-03-26,0,0.416,0.584,-0.7506,Mozambique,ENG
2019-03-26,0.239,0,0.761,0.296,Mozambique,ENG
2019-03-27,0,0,1,0,Mozambique,ENG
2019-03-22,0,0.341,0.659,-0.6908,Mozambique,ENG
2019-03-27,0,0.313,0.687,-0.6249,Mozambique,ENG
2019-03-27,0,0.286,0.714,-0.6124,Mozambique,ENG
2019-03-27,0.144,0.107,0.749,0.1779,Mozambique,ENG
2019-03-27,0,0,1,0,Mozambique,ENG
2019-03-27,0,0.379,0.621,-0.7717,Mozambique,ENG
2019-03-27,0,0.291,0.709,-0.6249,Mozambique,ENG
2019-03-28,0.144,0.224,0.632,-0.1027,Mozambique,ENG
2019-03-28,0,0.247,0.753,-0.3182,Mozambique,ENG
2019-03-28,0.171,0,0.829,0.4767,Mozambique,ENG
2019-03-29,0.181,0,0.819,0.4767,Mozambique,ENG
2019-03-27,0,0,1,0,Mozambique,ENG
2019-03-29,0.169,0.144,0.688,0.1027,Mozambique,ENG
2019-03-29,0,0,1,0,Mozambique,ENG
2019-03-28,0.129,0.201,0.67,-0.1027,Mozambique,ENG
2019-03-24,0,0,1,0,Mozambique,ENG
2019-03-29,0,0.275,0.725,-0.6022,Mozambique,ENG
2019-03-24,0,0,1,0,Mozambique,ENG
2019-03-24,0,0,1,0,Mozambique,ENG
2019-03-29,0,0,1,0,Mozambique,ENG
2019-03-29,0.348,0.217,0.435,0.2263,Mozambique,ENG
2019-03-29,0,0,1,0,Mozambique,ENG
2019-03-29,0,0.562,0.438,-0.8271,Mozambique,ENG
2019-03-30,0.213,0,0.787,0.4019,Mozambique,ENG
2019-03-22,0,0,1,0,Mozambique,ENG
2019-03-24,0.241,0,0.759,0.2263,Mozambique,ENG
2019-03-30,0,0,1,0,Mozambique,ENG
2019-03-27,0.244,0.131,0.625,0.25,Mozambique,ENG
2019-03-30,0,0.328,0.672,-0.5994,Mozambique,ENG
2019-03-30,0,0.286,0.714,-0.6124,Mozambique,ENG
2019-03-30,0,0,1,0,Mozambique,ENG
2019-03-31,0,0,1,0,Mozambique,ENG
2019-03-31,0,0.231,0.769,-0.5994,Mozambique,ENG
2019-03-30,0,0,1,0,Mozambique,ENG
2019-03-31,0,0.459,0.541,-0.6249,Mozambique,ENG
2019-03-31,0,0.28,0.72,-0.5423,Mozambique,ENG
2019-04-01,0,0.394,0.606,-0.5994,Mozambique,ENG
2019-04-01,0.134,0.162,0.704,-0.1027,Mozambique,ENG
2019-03-31,0.392,0,0.608,0.7003,Mozambique,ENG
2019-03-31,0.119,0,0.881,0.2263,Mozambique,ENG
2019-04-01,0,0,1,0,Mozambique,ENG
2019-04-02,0,0.223,0.777,-0.3182,Mozambique,ENG
2019-04-02,0,0.444,0.556,-0.8402,Mozambique,ENG
2019-04-02,0.14,0,0.86,0.0772,Mozambique,ENG
2019-04-03,0,0.286,0.714,-0.4215,Mozambique,ENG
2019-04-03,0,0.302,0.698,-0.5994,Mozambique,ENG
2019-04-03,0,0.15,0.85,-0.3182,Mozambique,ENG
2019-04-03,0.174,0.246,0.58,-0.25,Mozambique,ENG
2019-04-02,0.14,0,0.86,0.0772,Mozambique,ENG
2019-04-02,0.245,0.103,0.653,0.4678,Mozambique,ENG
2019-04-02,0,0,1,0,Mozambique,ENG
2019-04-02,0.252,0.207,0.541,0.128,Mozambique,ENG
2019-04-02,0,0,1,0,Mozambique,ENG
2019-04-04,0.219,0,0.781,0.4215,Mozambique,ENG
2019-04-04,0.323,0.138,0.539,0.4767,Mozambique,ENG
2019-04-04,0,0.328,0.672,-0.5994,Mozambique,ENG
2019-04-04,0,0,1,0,Mozambique,ENG
2019-04-04,0.107,0,0.893,0.0516,Mozambique,ENG
2019-04-05,0,0,1,0,Mozambique,ENG
2019-04-05,0,0.216,0.784,-0.296,Mozambique,ENG
2019-04-05,0,0.369,0.631,-0.8225,Mozambique,ENG
2019-04-07,0.279,0,0.721,0.7003,Mozambique,ENG
2019-04-07,0,0,1,0,Mozambique,ENG
2019-04-07,0.256,0,0.744,0.4767,Mozambique,ENG
2019-04-06,0.197,0.166,0.637,0.128,Mozambique,ENG
2019-04-08,0,0,1,0,Mozambique,ENG
2019-04-08,0,0.432,0.568,-0.8225,Mozambique,ENG
2019-04-08,0,0.432,0.568,-0.8225,Mozambique,ENG
2019-04-09,0.191,0,0.809,0.5106,Mozambique,ENG
2019-04-09,0.318,0,0.682,0.4215,Mozambique,ENG
2019-04-10,0,0.323,0.677,-0.6486,Mozambique,ENG
2019-04-10,0.137,0,0.863,0.2263,Mozambique,ENG
2019-04-10,0.137,0,0.863,0.2263,Mozambique,ENG
2019-04-10,0.128,0,0.872,0.2263,Mozambique,ENG
2019-04-10,0,0.539,0.461,-0.8481,Mozambique,ENG
2019-04-10,0,0.173,0.827,-0.3182,Mozambique,ENG
2019-04-10,0.256,0,0.744,0.4767,Mozambique,ENG
2019-04-11,0,0.197,0.803,-0.4019,Mozambique,ENG
2019-04-11,0.392,0,0.608,0.7003,Mozambique,ENG
2019-04-08,0,0,1,0,Mozambique,ENG
2019-04-13,0,0.324,0.676,-0.5859,Mozambique,ENG
2019-04-13,0.252,0,0.748,0.4019,Mozambique,ENG
2019-03-21,0.348,0,0.652,0.4939,Mozambique,ENG
2019-03-17,0,0,1,0,Mozambique,ENG
2019-03-19,0.277,0,0.723,0.3182,Mozambique,ENG
2019-03-18,0,0.318,0.682,-0.4215,Mozambique,ENG
2019-03-19,0,0.412,0.588,-0.4215,Mozambique,ENG
2019-03-21,0,0,1,0,Mozambique,ENG
2019-03-19,0.355,0,0.645,0.5106,Mozambique,ENG
2019-03-20,0.286,0,0.714,0.4215,Mozambique,ENG
2019-03-22,0,0,1,0,Mozambique,ENG
2019-03-22,0,0.348,0.652,-0.4939,Mozambique,ENG
2019-03-20,0,0,1,0,Mozambique,ENG
2019-03-18,0,0.237,0.763,-0.4215,Mozambique,ENG
2019-03-24,0.294,0,0.706,0.3612,Mozambique,ENG
2019-03-14,0,0,1,0,Mozambique,ENG
2019-03-18,0,0.258,0.742,-0.1877,Mozambique,ENG
2019-03-24,0.241,0,0.759,0.2263,Mozambique,ENG
2019-03-21,0.121,0,0.879,0.0258,Mozambique,ENG
2019-03-18,0,0.535,0.465,-0.7845,Mozambique,ENG
2019-03-20,0,0,1,0,Mozambique,ENG
2019-03-20,0,0.406,0.594,-0.6249,Mozambique,ENG
2019-04-16,0.161,0,0.839,0.3612,Mozambique,ENG
2019-04-16,0.161,0,0.839,0.3612,Mozambique,ENG
2019-04-15,0,0.247,0.753,-0.3182,Mozambique,ENG
2019-04-17,0.278,0,0.722,0.4019,Mozambique,ENG
2019-04-19,0,0.303,0.697,-0.7269,Mozambique,ENG
2019-04-19,0.278,0,0.722,0.4019,Mozambique,ENG
2019-04-20,0,0,1,0,Mozambique,ENG
2019-04-19,0,0,1,0,Mozambique,ENG
2019-04-03,0,0.115,0.885,-0.0772,Mozambique,ENG
2019-04-23,0.452,0,0.548,0.5106,Mozambique,ENG
2019-04-26,0.483,0,0.517,0.6808,Mozambique,ENG
2019-04-29,0.184,0,0.816,0.4019,Mozambique,ENG
2019-04-06,0,0,1,0,Mozambique,ENG
2019-04-30,0,0,1,0,Mozambique,ENG
2019-05-01,0.209,0.25,0.541,-0.1531,Mozambique,ENG
2019-05-01,0,0.271,0.729,-0.3818,Mozambique,ENG
2019-05-02,0,0.562,0.438,-0.8271,Mozambique,ENG
2019-05-03,0.184,0,0.816,0.4019,Mozambique,ENG
2019-05-03,0.184,0,0.816,0.4019,Mozambique,ENG
2019-05-03,0.184,0,0.816,0.4019,Mozambique,ENG
2019-05-03,0.184,0,0.816,0.4019,Mozambique,ENG
2019-05-03,0.252,0,0.748,0.4019,Mozambique,ENG
2019-05-04,0,0,1,0,Mozambique,ENG
2019-05-03,0.184,0,0.816,0.4019,Mozambique,ENG
2019-05-04,0.184,0,0.816,0.4019,Mozambique,ENG
2019-03-14,0,0.246,0.754,-0.6771,Mozambique,ENG
2019-03-20,0,0.346,0.654,-0.5719,Mozambique,ENG
2019-03-13,0,0.281,0.719,-0.5994,Mozambique,ENG
2019-04-25,0,0.267,0.733,-0.6124,Mozambique,ENG
2019-03-19,0.219,0.193,0.588,0.128,Mozambique,ENG
2019-04-03,0.11,0.488,0.403,-0.8183,Mozambique,ENG
2019-03-20,0,0,1,0,Mozambique,ENG
2019-03-21,0.113,0.216,0.671,-0.4404,Mozambique,ENG
2019-05-05,0.091,0,0.909,0.0258,Mozambique,ENG
2019-05-06,0.231,0.108,0.66,0.3818,Mozambique,ENG
2019-03-25,0,0,1,0,Mozambique,ENG
2019-03-25,0.159,0.312,0.529,-0.4939,Mozambique,ENG
2019-05-15,0,0,1,0,Mozambique,ENG
2019-04-12,0,0.324,0.676,-0.5859,Mozambique,ENG
2019-05-16,0.175,0.476,0.35,-0.6486,Mozambique,ENG
2019-03-19,0,0.286,0.714,-0.4588,Mozambique,ENG
2019-03-18,0,0.302,0.698,-0.5994,Mozambique,ENG
2019-03-19,0.187,0.216,0.597,-0.101,Mozambique,ENG
2019-03-19,0,0.538,0.462,-0.8519,Mozambique,ENG
2019-03-19,0,0.27,0.73,-0.5719,Mozambique,ENG
2019-03-19,0,0.539,0.461,-0.8481,Mozambique,ENG
2019-05-20,0,0,1,0,Mozambique,ENG
2019-05-23,0.197,0,0.803,0.4019,Mozambique,ENG
2019-05-25,0,0.187,0.813,-0.3182,Mozambique,ENG
2019-05-28,0,0,1,0,Mozambique,ENG
2019-05-28,0,0,1,0,Mozambique,ENG
2019-05-29,0,0.091,0.909,-0.1531,Mozambique,ENG
2019-03-18,0,0.198,0.802,-0.4939,Mozambique,ENG
2019-04-26,0,0,1,0,Mozambique,ENG
2019-03-15,0,0,1,0,Mozambique,ENG
2019-03-28,0.184,0.272,0.544,-0.3182,Mozambique,ENG
2019-06-04,0.412,0,0.588,0.6808,Mozambique,ENG
2019-06-03,0,0,1,0,Mozambique,ENG
2019-03-20,0,0,1,0,Mozambique,ENG
2019-06-14,0,0.266,0.734,-0.4404,Mozambique,ENG
2019-03-22,0.118,0.445,0.436,-0.7389,Mozambique,ENG
2019-03-26,0.152,0,0.848,0.3612,Mozambique,ENG
2019-06-20,0,0.18,0.82,-0.296,Mozambique,ENG
2019-03-21,0,0,1,0,Mozambique,ENG
2019-07-01,0,0,1,0,Mozambique,ENG
2019-07-11,0,0,1,0,Mozambique,ENG
2019-07-13,0,0,1,0,Mozambique,ENG
2019-07-26,0.31,0,0.69,0.4019,Mozambique,ENG
2019-08-07,0.115,0,0.885,0.0772,Mozambique,ENG
2019-08-29,0,0,1,0,Mozambique,ENG
2019-09-05,0,0,1,0,Mozambique,ENG
2019-09-17,0.451,0,0.549,0.4767,Mozambique,ENG
2019-11-24,0,0,1,0,Mozambique,ENG
2019-11-28,0,0.342,0.658,-0.3818,Mozambique,ENG
2019-12-31,0,0.247,0.753,-0.5574,Mozambique,ENG
2020-01-02,0.194,0.209,0.597,-0.0516,Mozambique,ENG
2020-01-16,0.293,0,0.707,0.4404,Mozambique,ENG
2019-04-01,0,0,1,0,Mozambique,ENG
2019-03-21,0,0.286,0.714,-0.4215,Mozambique,ENG
2019-03-18,0,0.259,0.741,-0.4215,Mozambique,ENG
2019-03-29,0,0,1,0,Mozambique,ENG
2019-03-27,0,0.272,0.728,-0.6249,Mozambique,ENG
2019-03-26,0.117,0.169,0.714,-0.2023,Mozambique,ENG
2019-03-24,0,0.245,0.755,-0.5994,Mozambique,ENG
2019-03-23,0.103,0.379,0.517,-0.5859,Mozambique,ENG
2019-03-22,0,0,1,0,Mozambique,ENG
2019-03-21,0,0,1,0,Mozambique,ENG
2019-03-24,0.129,0.11,0.762,0.1027,Mozambique,ENG
2019-03-22,0,0.281,0.719,-0.5994,Mozambique,ENG
2019-03-22,0,0.2,0.8,-0.3612,Mozambique,ENG
2019-03-27,0,0.286,0.714,-0.6124,Mozambique,ENG
2019-03-23,0,0.302,0.698,-0.5994,Mozambique,ENG
2019-03-21,0,0.474,0.526,-0.6597,Mozambique,ENG
2020-02-04,0,0,1,0,Mozambique,ENG
2020-02-09,0.216,0,0.784,0.5106,Mozambique,ENG
2020-02-27,0.3,0.256,0.444,0.1027,Mozambique,ENG
2020-03-04,0,0,1,0,Mozambique,ENG
2020-03-11,0.177,0,0.823,0.4215,Mozambique,ENG
2020-03-13,0,0,1,0,Mozambique,ENG
2020-03-13,0,0.318,0.682,-0.4215,Mozambique,ENG
2020-03-13,0,0.318,0.682,-0.4215,Mozambique,ENG
2020-03-13,0,0.318,0.682,-0.4215,Mozambique,ENG
2020-03-16,0.232,0.208,0.56,0.0772,Mozambique,ENG
2020-03-16,0.367,0,0.633,0.4404,Mozambique,ENG
2020-03-15,0.232,0.208,0.56,0.0772,Mozambique,ENG
2020-03-22,0,0,1,0,Mozambique,ENG
2020-03-21,0,0.192,0.808,-0.2263,Mozambique,ENG
2019-04-26,0,0,1,0,Mozambique,ENG
2019-03-29,0,0,1,0,Mozambique,ENG
2019-03-19,0,0.245,0.755,-0.5994,Mozambique,ENG
2019-04-02,0,0.231,0.769,-0.5994,Mozambique,ENG
2019-03-23,0,0.226,0.774,-0.5423,Mozambique,ENG
2019-03-28,0,0.127,0.873,-0.1531,Mozambique,ENG
2020-03-20,0,0.192,0.808,-0.2263,Mozambique,ENG
2019-03-27,0.144,0.107,0.749,0.1779,Mozambique,ENG
2019-04-01,0,0,1,0,Mozambique,ENG
2019-03-21,0,0.265,0.735,-0.5574,Mozambique,ENG
2019-04-06,0,0,1,0,Mozambique,PT
2019-04-06,0,0,1,0,Mozambique,PT
2019-04-07,0,0,1,0,Mozambique,PT
2019-04-08,0,0,1,0,Mozambique,PT
2019-03-20,0,0,1,0,Mozambique,PT
2019-04-09,0,0,1,0,Mozambique,PT
2019-04-09,0,0,1,0,Mozambique,PT
2019-04-09,0,0,1,0,Mozambique,PT
2019-04-10,0,0,1,0,Mozambique,PT
2019-04-10,0,0,1,0,Mozambique,PT
2019-04-10,0,0.167,0.833,-0.296,Mozambique,PT
2019-04-10,0,0,1,0,Mozambique,PT
2019-04-10,0,0,1,0,Mozambique,PT
2019-04-10,0,0,1,0,Mozambique,PT
2019-04-10,0,0,1,0,Mozambique,PT
2019-04-11,0,0,1,0,Mozambique,PT
2019-04-11,0,0,1,0,Mozambique,PT
2019-04-12,0,0,1,0,Mozambique,PT
2019-04-10,0,0,1,0,Mozambique,PT
2019-04-12,0,0,1,0,Mozambique,PT
2019-04-12,0,0,1,0,Mozambique,PT
2019-04-13,0,0,1,0,Mozambique,PT
2019-04-13,0,0,1,0,Mozambique,PT
2019-04-14,0,0,1,0,Mozambique,PT
2019-04-14,0,0,1,0,Mozambique,PT
2019-04-14,0,0,1,0,Mozambique,PT
2019-04-14,0,0,1,0,Mozambique,PT
2019-04-14,0,0,1,0,Mozambique,PT
2019-04-14,0,0,1,0,Mozambique,PT
2019-04-14,0,0,1,0,Mozambique,PT
2019-04-14,0,0,1,0,Mozambique,PT
2019-04-14,0,0,1,0,Mozambique,PT
2019-04-14,0,0,1,0,Mozambique,PT
2019-04-05,0,0,1,0,Mozambique,PT
2019-04-15,0,0,1,0,Mozambique,PT
2019-04-15,0,0,1,0,Mozambique,PT
2019-04-16,0,0,1,0,Mozambique,PT
2019-04-15,0,0,1,0,Mozambique,PT
2019-04-16,0,0,1,0,Mozambique,PT
2019-04-13,0,0,1,0,Mozambique,PT
2019-03-15,0,0,1,0,Mozambique,PT
2019-04-16,0,0,1,0,Mozambique,PT
2019-04-17,0,0,1,0,Mozambique,PT
2019-04-17,0,0,1,0,Mozambique,PT
2019-04-17,0,0,1,0,Mozambique,PT
2019-04-16,0,0,1,0,Mozambique,PT
2019-04-18,0,0,1,0,Mozambique,PT
2019-04-19,0,0,1,0,Mozambique,PT
2019-04-20,0,0,1,0,Mozambique,PT
2019-04-22,0,0,1,0,Mozambique,PT
2019-04-22,0,0,1,0,Mozambique,PT
2019-04-20,0,0,1,0,Mozambique,PT
2019-04-23,0,0,1,0,Mozambique,PT
2019-04-23,0,0,1,0,Mozambique,PT
2019-04-23,0,0,1,0,Mozambique,PT
2019-04-23,0,0,1,0,Mozambique,PT
2019-04-16,0,0,1,0,Mozambique,PT
2019-04-26,0,0,1,0,Mozambique,PT
2019-04-26,0,0,1,0,Mozambique,PT
2019-04-27,0,0,1,0,Mozambique,PT
2019-04-27,0,0,1,0,Mozambique,PT
2019-04-27,0,0,1,0,Mozambique,PT
2019-04-20,0,0,1,0,Mozambique,PT
2019-04-29,0,0.145,0.855,-0.296,Mozambique,PT
2019-03-15,0,0,1,0,Mozambique,PT
2019-03-15,0,0,1,0,Mozambique,PT
2019-03-15,0,0,1,0,Mozambique,PT
2019-03-15,0,0,1,0,Mozambique,PT
2019-03-15,0,0,1,0,Mozambique,PT
2019-03-15,0,0,1,0,Mozambique,PT
2019-03-15,0,0.196,0.804,-0.296,Mozambique,PT
2019-03-15,0,0,1,0,Mozambique,PT
2019-03-15,0,0.18,0.82,-0.296,Mozambique,PT
2019-03-15,0,0.18,0.82,-0.296,Mozambique,PT
2019-03-15,0,0.18,0.82,-0.296,Mozambique,PT
2019-03-15,0,0,1,0,Mozambique,PT
2019-03-16,0,0.216,0.784,-0.296,Mozambique,PT
2019-03-16,0,0.216,0.784,-0.296,Mozambique,PT
2019-03-16,0,0.239,0.761,-0.296,Mozambique,PT
2019-03-16,0,0,1,0,Mozambique,PT
2019-03-17,0,0,1,0,Mozambique,PT
2019-03-17,0,0,1,0,Mozambique,PT
2019-03-17,0,0,1,0,Mozambique,PT
2019-03-16,0,0,1,0,Mozambique,PT
2019-03-17,0,0.18,0.82,-0.296,Mozambique,PT
2019-03-17,0,0,1,0,Mozambique,PT
2019-03-17,0,0.167,0.833,-0.296,Mozambique,PT
2019-03-17,0,0.167,0.833,-0.296,Mozambique,PT
2019-03-17,0,0,1,0,Mozambique,PT
2019-03-17,0,0,1,0,Mozambique,PT
2019-03-17,0,0,1,0,Mozambique,PT
2019-03-18,0,0,1,0,Mozambique,PT
2019-03-18,0,0,1,0,Mozambique,PT
2019-03-18,0,0.196,0.804,-0.296,Mozambique,PT
2019-03-18,0,0,1,0,Mozambique,PT
2019-03-18,0,0,1,0,Mozambique,PT
2019-03-18,0,0,1,0,Mozambique,PT
2019-03-18,0,0,1,0,Mozambique,PT
2019-03-18,0,0,1,0,Mozambique,PT
2019-03-15,0,0,1,0,Mozambique,PT
2019-03-18,0,0,1,0,Mozambique,PT
2019-03-18,0,0,1,0,Mozambique,PT
2019-03-18,0,0,1,0,Mozambique,PT
2019-03-18,0,0,1,0,Mozambique,PT
2019-03-18,0,0,1,0,Mozambique,PT
2019-03-19,0,0,1,0,Mozambique,PT
2019-03-19,0,0,1,0,Mozambique,PT
2019-03-19,0,0,1,0,Mozambique,PT
2019-03-19,0,0,1,0,Mozambique,PT
2019-03-19,0,0,1,0,Mozambique,PT
2019-03-18,0,0,1,0,Mozambique,PT
2019-03-19,0,0,1,0,Mozambique,PT
2019-03-19,0,0,1,0,Mozambique,PT
2019-03-19,0,0,1,0,Mozambique,PT
2019-03-19,0,0,1,0,Mozambique,PT
2019-03-19,0,0,1,0,Mozambique,PT
2019-03-19,0,0,1,0,Mozambique,PT
2019-03-19,0,0.115,0.885,-0.296,Mozambique,PT
2019-03-19,0,0,1,0,Mozambique,PT
2019-03-19,0,0,1,0,Mozambique,PT
2019-03-16,0,0,1,0,Mozambique,PT
2019-03-19,0,0,1,0,Mozambique,PT
2019-03-19,0,0,1,0,Mozambique,PT
2019-03-19,0,0,1,0,Mozambique,PT
2019-03-19,0,0,1,0,Mozambique,PT
2019-03-19,0,0,1,0,Mozambique,PT
2019-03-19,0,0,1,0,Mozambique,PT
2019-03-19,0,0,1,0,Mozambique,PT
2019-03-19,0,0,1,0,Mozambique,PT
2019-03-19,0,0,1,0,Mozambique,PT
2019-03-19,0,0,1,0,Mozambique,PT
2019-03-19,0,0,1,0,Mozambique,PT
2019-03-20,0,0,1,0,Mozambique,PT
2019-03-20,0,0,1,0,Mozambique,PT
2019-03-20,0,0,1,0,Mozambique,PT
2019-03-20,0,0,1,0,Mozambique,PT
2019-03-20,0,0,1,0,Mozambique,PT
2019-03-20,0,0,1,0,Mozambique,PT
2019-03-20,0,0.121,0.879,-0.296,Mozambique,PT
2019-03-20,0,0,1,0,Mozambique,PT
2019-03-20,0,0.196,0.804,-0.296,Mozambique,PT
2019-03-20,0,0,1,0,Mozambique,PT
2019-03-20,0,0,1,0,Mozambique,PT
2019-03-20,0,0.167,0.833,-0.296,Mozambique,PT
2019-03-20,0,0,1,0,Mozambique,PT
2019-03-20,0,0,1,0,Mozambique,PT
2019-03-20,0,0,1,0,Mozambique,PT
2019-03-20,0,0,1,0,Mozambique,PT
2019-03-20,0,0,1,0,Mozambique,PT
2019-03-20,0,0,1,0,Mozambique,PT
2019-03-20,0,0,1,0,Mozambique,PT
2019-03-20,0,0.167,0.833,-0.296,Mozambique,PT
2019-03-20,0,0,1,0,Mozambique,PT
2019-03-20,0,0,1,0,Mozambique,PT
2019-03-20,0,0,1,0,Mozambique,PT
2019-03-20,0,0,1,0,Mozambique,PT
2019-03-20,0,0,1,0,Mozambique,PT
2019-03-20,0,0,1,0,Mozambique,PT
2019-03-20,0,0,1,0,Mozambique,PT
2019-03-20,0,0,1,0,Mozambique,PT
2019-03-20,0,0,1,0,Mozambique,PT
2019-03-20,0,0,1,0,Mozambique,PT
2019-03-18,0,0,1,0,Mozambique,PT
2019-03-18,0,0,1,0,Mozambique,PT
2019-03-20,0,0,1,0,Mozambique,PT
2019-03-20,0,0,1,0,Mozambique,PT
2019-03-20,0,0,1,0,Mozambique,PT
2019-03-20,0,0,1,0,Mozambique,PT
2019-03-20,0,0,1,0,Mozambique,PT
2019-03-20,0,0.155,0.845,-0.296,Mozambique,PT
2019-03-20,0,0,1,0,Mozambique,PT
2019-03-20,0,0,1,0,Mozambique,PT
2019-03-20,0,0,1,0,Mozambique,PT
2019-03-20,0,0,1,0,Mozambique,PT
2019-03-21,0,0,1,0,Mozambique,PT
2019-03-21,0,0,1,0,Mozambique,PT
2019-03-21,0,0,1,0,Mozambique,PT
2019-03-21,0,0,1,0,Mozambique,PT
2019-03-21,0,0,1,0,Mozambique,PT
2019-03-21,0,0,1,0,Mozambique,PT
2019-03-21,0,0,1,0,Mozambique,PT
2019-03-21,0,0.196,0.804,-0.296,Mozambique,PT
2019-03-21,0,0,1,0,Mozambique,PT
2019-03-21,0,0,1,0,Mozambique,PT
2019-03-21,0,0,1,0,Mozambique,PT
2019-03-21,0,0.155,0.845,-0.296,Mozambique,PT
2019-04-02,0,0,1,0,Mozambique,PT
2019-03-21,0,0,1,0,Mozambique,PT
2019-03-21,0,0,1,0,Mozambique,PT
2019-03-21,0,0,1,0,Mozambique,PT
2019-03-16,0,0.216,0.784,-0.296,Mozambique,PT
2019-03-21,0,0,1,0,Mozambique,PT
2019-03-21,0,0,1,0,Mozambique,PT
2019-03-21,0,0,1,0,Mozambique,PT
2019-03-21,0,0,1,0,Mozambique,PT
2019-03-22,0,0,1,0,Mozambique,PT
2019-03-22,0,0,1,0,Mozambique,PT
2019-03-22,0,0,1,0,Mozambique,PT
2019-03-22,0,0.216,0.784,-0.296,Mozambique,PT
2019-03-22,0,0,1,0,Mozambique,PT
2019-03-22,0,0,1,0,Mozambique,PT
2019-03-22,0,0,1,0,Mozambique,PT
2019-03-22,0,0,1,0,Mozambique,PT
2019-03-22,0,0,1,0,Mozambique,PT
2019-03-22,0,0,1,0,Mozambique,PT
2019-03-22,0,0.18,0.82,-0.296,Mozambique,PT
2019-03-22,0,0,1,0,Mozambique,PT
2019-03-22,0,0,1,0,Mozambique,PT
2019-03-22,0,0,1,0,Mozambique,PT
2019-03-22,0,0,1,0,Mozambique,PT
2019-03-27,0,0,1,0,Mozambique,PT
2019-04-06,0,0,1,0,Mozambique,PT
2019-03-22,0,0,1,0,Mozambique,PT
2019-03-22,0,0,1,0,Mozambique,PT
2019-03-21,0,0,1,0,Mozambique,PT
2019-03-22,0,0,1,0,Mozambique,PT
2019-03-22,0,0,1,0,Mozambique,PT
2019-03-22,0,0,1,0,Mozambique,PT
2019-03-22,0,0,1,0,Mozambique,PT
2019-03-22,0,0,1,0,Mozambique,PT
2019-03-23,0,0,1,0,Mozambique,PT
2019-03-23,0,0,1,0,Mozambique,PT
2019-03-23,0,0,1,0,Mozambique,PT
2019-03-23,0,0,1,0,Mozambique,PT
2019-03-23,0,0,1,0,Mozambique,PT
2019-03-23,0,0,1,0,Mozambique,PT
2019-03-23,0,0,1,0,Mozambique,PT
2019-03-23,0,0,1,0,Mozambique,PT
2019-03-23,0,0,1,0,Mozambique,PT
2019-03-23,0,0,1,0,Mozambique,PT
2019-03-23,0,0,1,0,Mozambique,PT
2019-03-23,0,0,1,0,Mozambique,PT
2019-03-23,0,0.167,0.833,-0.296,Mozambique,PT
2019-03-23,0,0,1,0,Mozambique,PT
2019-03-23,0,0,1,0,Mozambique,PT
2019-03-23,0,0.182,0.818,-0.25,Mozambique,PT
2019-03-23,0,0,1,0,Mozambique,PT
2019-03-24,0,0,1,0,Mozambique,PT
2019-03-24,0,0,1,0,Mozambique,PT
2019-03-24,0,0,1,0,Mozambique,PT
2019-03-24,0,0,1,0,Mozambique,PT
2019-03-23,0,0,1,0,Mozambique,PT
2019-03-24,0,0,1,0,Mozambique,PT
2019-03-24,0,0,1,0,Mozambique,PT
2019-03-24,0,0,1,0,Mozambique,PT
2019-03-24,0,0,1,0,Mozambique,PT
2019-03-24,0,0,1,0,Mozambique,PT
2019-03-24,0,0,1,0,Mozambique,PT
2019-03-24,0,0,1,0,Mozambique,PT
2019-03-24,0,0,1,0,Mozambique,PT
2019-03-24,0,0,1,0,Mozambique,PT
2019-03-24,0,0,1,0,Mozambique,PT
2019-03-24,0,0,1,0,Mozambique,PT
2019-03-24,0,0,1,0,Mozambique,PT
2019-03-24,0,0,1,0,Mozambique,PT
2019-03-24,0,0,1,0,Mozambique,PT
2019-03-25,0.352,0,0.648,0.5859,Mozambique,PT
2019-03-25,0,0,1,0,Mozambique,PT
2019-03-25,0,0,1,0,Mozambique,PT
2019-03-25,0,0,1,0,Mozambique,PT
2019-03-25,0,0,1,0,Mozambique,PT
2019-03-25,0,0,1,0,Mozambique,PT
2019-03-25,0,0,1,0,Mozambique,PT
2019-03-25,0,0,1,0,Mozambique,PT
2019-03-25,0,0,1,0,Mozambique,PT
2019-03-25,0,0,1,0,Mozambique,PT
2019-03-25,0,0,1,0,Mozambique,PT
2019-03-25,0,0,1,0,Mozambique,PT
2019-03-25,0,0.167,0.833,-0.296,Mozambique,PT
2019-03-25,0,0,1,0,Mozambique,PT
2019-03-25,0,0,1,0,Mozambique,PT
2019-03-25,0,0,1,0,Mozambique,PT
2019-03-25,0,0,1,0,Mozambique,PT
2019-03-25,0,0.196,0.804,-0.296,Mozambique,PT
2019-03-26,0,0,1,0,Mozambique,PT
2019-03-26,0.297,0,0.703,0.5859,Mozambique,PT
2019-03-26,0,0,1,0,Mozambique,PT
2019-03-26,0,0,1,0,Mozambique,PT
2019-03-26,0,0,1,0,Mozambique,PT
2019-03-26,0,0,1,0,Mozambique,PT
2019-03-26,0,0,1,0,Mozambique,PT
2019-03-26,0,0,1,0,Mozambique,PT
2019-03-26,0.275,0,0.725,0.5859,Mozambique,PT
2019-03-26,0,0,1,0,Mozambique,PT
2019-03-26,0,0,1,0,Mozambique,PT
2019-03-26,0,0,1,0,Mozambique,PT
2019-04-04,0,0,1,0,Mozambique,PT
2019-03-27,0,0,1,0,Mozambique,PT
2019-03-26,0,0,1,0,Mozambique,PT
2019-03-26,0,0,1,0,Mozambique,PT
2019-03-26,0,0,1,0,Mozambique,PT
2019-03-27,0,0.18,0.82,-0.296,Mozambique,PT
2019-03-27,0,0,1,0,Mozambique,PT
2019-03-27,0,0,1,0,Mozambique,PT
2019-03-27,0,0,1,0,Mozambique,PT
2019-03-27,0,0,1,0,Mozambique,PT
2019-03-27,0,0,1,0,Mozambique,PT
2019-03-27,0,0,1,0,Mozambique,PT
2019-03-30,0,0,1,0,Mozambique,PT
2019-03-27,0,0.292,0.708,-0.5106,Mozambique,PT
2019-03-27,0,0,1,0,Mozambique,PT
2019-03-27,0,0,1,0,Mozambique,PT
2019-03-27,0,0,1,0,Mozambique,PT
2019-03-27,0,0,1,0,Mozambique,PT
2019-03-27,0,0,1,0,Mozambique,PT
2019-03-26,0,0,1,0,Mozambique,PT
2019-03-27,0,0.167,0.833,-0.296,Mozambique,PT
2019-03-28,0,0,1,0,Mozambique,PT
2019-03-28,0,0,1,0,Mozambique,PT
2019-03-28,0,0,1,0,Mozambique,PT
2019-03-28,0,0,1,0,Mozambique,PT
2019-03-28,0,0,1,0,Mozambique,PT
2019-03-28,0,0,1,0,Mozambique,PT
2019-03-28,0,0,1,0,Mozambique,PT
2019-03-28,0,0,1,0,Mozambique,PT
2019-03-28,0,0,1,0,Mozambique,PT
2019-04-03,0,0,1,0,Mozambique,PT
2019-03-28,0,0,1,0,Mozambique,PT
2019-03-28,0,0,1,0,Mozambique,PT
2019-03-28,0,0,1,0,Mozambique,PT
2019-03-28,0,0,1,0,Mozambique,PT
2019-03-28,0,0,1,0,Mozambique,PT
2019-03-23,0,0,1,0,Mozambique,PT
2019-03-29,0,0,1,0,Mozambique,PT
2019-03-29,0,0,1,0,Mozambique,PT
2019-03-29,0,0,1,0,Mozambique,PT
2019-03-29,0,0,1,0,Mozambique,PT
2019-03-29,0,0,1,0,Mozambique,PT
2019-03-29,0,0,1,0,Mozambique,PT
2019-03-29,0,0.231,0.769,-0.5106,Mozambique,PT
2019-03-29,0,0,1,0,Mozambique,PT
2019-03-29,0,0.292,0.708,-0.5106,Mozambique,PT
2019-03-29,0,0,1,0,Mozambique,PT
2019-03-29,0,0,1,0,Mozambique,PT
2019-03-30,0,0,1,0,Mozambique,PT
2019-03-30,0,0,1,0,Mozambique,PT
2019-03-30,0,0,1,0,Mozambique,PT
2019-03-30,0,0,1,0,Mozambique,PT
2019-03-30,0,0,1,0,Mozambique,PT
2019-04-03,0,0,1,0,Mozambique,PT
2019-03-29,0,0,1,0,Mozambique,PT
2019-03-30,0,0.18,0.82,-0.296,Mozambique,PT
2019-03-30,0,0.18,0.82,-0.296,Mozambique,PT
2019-03-30,0,0.128,0.872,-0.296,Mozambique,PT
2019-03-30,0,0,1,0,Mozambique,PT
2019-03-31,0,0,1,0,Mozambique,PT
2019-03-31,0,0,1,0,Mozambique,PT
2019-03-31,0,0.18,0.82,-0.296,Mozambique,PT
2019-03-31,0,0,1,0,Mozambique,PT
2019-03-31,0,0,1,0,Mozambique,PT
2019-03-31,0,0,1,0,Mozambique,PT
2019-03-31,0,0,1,0,Mozambique,PT
2019-03-31,0,0,1,0,Mozambique,PT
2019-03-31,0,0.18,0.82,-0.296,Mozambique,PT
2019-03-31,0,0,1,0,Mozambique,PT
2019-03-31,0,0,1,0,Mozambique,PT
2019-03-31,0,0,1,0,Mozambique,PT
2019-04-01,0,0,1,0,Mozambique,PT
2019-03-30,0,0,1,0,Mozambique,PT
2019-04-01,0,0,1,0,Mozambique,PT
2019-04-01,0,0,1,0,Mozambique,PT
2019-04-01,0,0,1,0,Mozambique,PT
2019-04-01,0,0,1,0,Mozambique,PT
2019-04-01,0,0,1,0,Mozambique,PT
2019-04-02,0,0,1,0,Mozambique,PT
2019-04-02,0,0,1,0,Mozambique,PT
2019-04-01,0,0,1,0,Mozambique,PT
2019-04-02,0,0,1,0,Mozambique,PT
2019-04-02,0,0,1,0,Mozambique,PT
2019-04-02,0,0,1,0,Mozambique,PT
2019-04-02,0,0,1,0,Mozambique,PT
2019-04-02,0,0,1,0,Mozambique,PT
2019-04-02,0,0,1,0,Mozambique,PT
2019-04-02,0,0,1,0,Mozambique,PT
2019-04-02,0,0,1,0,Mozambique,PT
2019-04-02,0,0,1,0,Mozambique,PT
2019-04-02,0,0,1,0,Mozambique,PT
2019-04-05,0,0,1,0,Mozambique,PT
2019-04-03,0,0,1,0,Mozambique,PT
2019-04-03,0,0,1,0,Mozambique,PT
2019-04-03,0.226,0,0.774,0.5423,Mozambique,PT
2019-04-03,0,0,1,0,Mozambique,PT
2019-04-03,0,0,1,0,Mozambique,PT
2019-04-03,0,0,1,0,Mozambique,PT
2019-04-03,0,0,1,0,Mozambique,PT
2019-04-03,0,0,1,0,Mozambique,PT
2019-04-03,0,0,1,0,Mozambique,PT
2019-04-03,0,0,1,0,Mozambique,PT
2019-04-03,0,0,1,0,Mozambique,PT
2019-04-03,0,0,1,0,Mozambique,PT
2019-04-03,0,0,1,0,Mozambique,PT
2019-04-03,0,0,1,0,Mozambique,PT
2019-04-03,0,0,1,0,Mozambique,PT
2019-04-03,0,0,1,0,Mozambique,PT
2019-04-03,0,0,1,0,Mozambique,PT
2019-04-03,0,0,1,0,Mozambique,PT
2019-04-04,0,0,1,0,Mozambique,PT
2019-04-04,0,0,1,0,Mozambique,PT
2019-04-04,0,0,1,0,Mozambique,PT
2019-04-04,0,0,1,0,Mozambique,PT
2019-04-02,0,0,1,0,Mozambique,PT
2019-04-02,0,0,1,0,Mozambique,PT
2019-03-24,0,0,1,0,Mozambique,PT
2019-04-05,0,0,1,0,Mozambique,PT
2019-04-05,0,0,1,0,Mozambique,PT
2019-04-05,0,0,1,0,Mozambique,PT
2019-04-05,0,0,1,0,Mozambique,PT
2019-04-05,0,0,1,0,Mozambique,PT
2019-04-05,0,0,1,0,Mozambique,PT
2019-04-05,0,0,1,0,Mozambique,PT
2019-04-05,0,0,1,0,Mozambique,PT
2019-04-05,0,0,1,0,Mozambique,PT
2019-04-05,0,0,1,0,Mozambique,PT
2019-03-30,0,0,1,0,Mozambique,PT
2019-04-06,0,0,1,0,Mozambique,PT
2019-04-06,0,0,1,0,Mozambique,PT
2019-04-07,0,0,1,0,Mozambique,PT
2019-04-07,0,0.196,0.804,-0.296,Mozambique,PT
2019-04-07,0,0,1,0,Mozambique,PT
2019-04-07,0,0,1,0,Mozambique,PT
2019-04-07,0,0,1,0,Mozambique,PT
2019-04-07,0,0,1,0,Mozambique,PT
2019-04-08,0,0,1,0,Mozambique,PT
2019-04-08,0,0,1,0,Mozambique,PT
2019-04-08,0,0,1,0,Mozambique,PT
2019-04-08,0,0,1,0,Mozambique,PT
2019-04-08,0,0,1,0,Mozambique,PT
2019-04-09,0,0,1,0,Mozambique,PT
2019-04-09,0,0,1,0,Mozambique,PT
2019-04-11,0,0,1,0,Mozambique,PT
2019-04-11,0,0,1,0,Mozambique,PT
2019-04-11,0,0,1,0,Mozambique,PT
2019-04-11,0,0,1,0,Mozambique,PT
2019-04-12,0,0,1,0,Mozambique,PT
2019-04-01,0,0,1,0,Mozambique,PT
2019-04-19,0,0,1,0,Mozambique,PT
2019-03-30,0,0,1,0,Mozambique,PT
2019-04-20,0,0,1,0,Mozambique,PT
2019-04-22,0,0,1,0,Mozambique,PT
2019-04-26,0,0,1,0,Mozambique,PT
2019-04-26,0,0,1,0,Mozambique,PT
2019-05-01,0,0,1,0,Mozambique,PT
2019-05-02,0,0,1,0,Mozambique,PT
2019-05-02,0,0,1,0,Mozambique,PT
2019-05-03,0,0,1,0,Mozambique,PT
2019-05-03,0,0,1,0,Mozambique,PT
2019-05-04,0,0,1,0,Mozambique,PT
2019-05-07,0,0,1,0,Mozambique,PT
2019-05-12,0,0,1,0,Mozambique,PT
2019-05-12,0,0,1,0,Mozambique,PT
2019-05-02,0,0,1,0,Mozambique,PT
2019-03-26,0,0,1,0,Mozambique,PT
2019-03-27,0,0,1,0,Mozambique,PT
2019-04-25,0,0,1,0,Mozambique,PT
2019-06-10,0,0,1,0,Mozambique,PT
2019-07-11,0,0,1,0,Mozambique,PT
2019-07-12,0,0,1,0,Mozambique,PT
2019-04-10,0,0,1,0,Mozambique,PT
2019-07-12,0,0,1,0,Mozambique,PT
2019-07-11,0,0,1,0,Mozambique,PT
2019-07-23,0,0,1,0,Mozambique,PT
2019-07-25,0,0,1,0,Mozambique,PT
2019-08-06,0,0,1,0,Mozambique,PT
2019-08-13,0,0,1,0,Mozambique,PT
2019-05-16,0,0,1,0,Mozambique,PT
2019-08-28,0,0,1,0,Mozambique,PT
2019-08-30,0,0,1,0,Mozambique,PT
2019-09-05,0,0,1,0,Mozambique,PT
2019-05-17,0,0,1,0,Mozambique,PT
2019-09-17,0,0,1,0,Mozambique,PT
2019-09-21,0,0,1,0,Mozambique,PT
2019-09-21,0,0,1,0,Mozambique,PT
2019-09-21,0,0,1,0,Mozambique,PT
2019-09-21,0,0,1,0,Mozambique,PT
2019-10-11,0,0,1,0,Mozambique,PT
2019-10-31,0,0,1,0,Mozambique,PT
2019-11-04,0,0,1,0,Mozambique,PT
2019-11-18,0,0,1,0,Mozambique,PT
2019-11-19,0,0,1,0,Mozambique,PT
2019-11-22,0,0,1,0,Mozambique,PT
2019-11-23,0,0,1,0,Mozambique,PT
2019-11-25,0,0.32,0.68,-0.5106,Mozambique,PT
2019-11-26,0,0,1,0,Mozambique,PT
2019-12-09,0,0,1,0,Mozambique,PT
2019-12-13,0,0,1,0,Mozambique,PT
2019-12-17,0,0,1,0,Mozambique,PT
2019-09-09,0,0,1,0,Mozambique,PT
2020-01-16,0,0,1,0,Mozambique,PT
2020-01-17,0,0,1,0,Mozambique,PT
2019-10-17,0,0,1,0,Mozambique,PT
2020-01-28,0,0,1,0,Mozambique,PT
2020-02-02,0,0,1,0,Mozambique,PT
2020-02-02,0,0,1,0,Mozambique,PT
2020-02-02,0,0,1,0,Mozambique,PT
2020-02-02,0,0,1,0,Mozambique,PT
2020-02-28,0,0.155,0.845,-0.296,Mozambique,PT
2020-03-10,0,0,1,0,Mozambique,PT
2020-03-10,0,0,1,0,Mozambique,PT
2020-03-10,0,0,1,0,Mozambique,PT
2020-03-10,0,0,1,0,Mozambique,PT
2020-03-11,0,0,1,0,Mozambique,PT
2020-03-11,0,0,1,0,Mozambique,PT
2020-03-11,0,0,1,0,Mozambique,PT
2020-03-12,0,0,1,0,Mozambique,PT
2020-03-12,0,0,1,0,Mozambique,PT
2020-03-12,0,0,1,0,Mozambique,PT
2020-03-12,0,0,1,0,Mozambique,PT
2020-03-13,0,0.242,0.758,-0.4939,Mozambique,PT
2020-03-13,0,0,1,0,Mozambique,PT
2020-03-13,0,0.109,0.891,-0.296,Mozambique,PT
2020-03-13,0,0,1,0,Mozambique,PT
2020-03-13,0,0,1,0,Mozambique,PT
2020-03-13,0,0,1,0,Mozambique,PT
2020-03-13,0,0,1,0,Mozambique,PT
2020-03-13,0,0,1,0,Mozambique,PT
2020-03-13,0,0,1,0,Mozambique,PT
2020-03-14,0,0,1,0,Mozambique,PT
2020-03-14,0,0,1,0,Mozambique,PT
2020-03-14,0,0,1,0,Mozambique,PT
2020-03-15,0,0,1,0,Mozambique,PT
2020-03-15,0,0,1,0,Mozambique,PT
2020-03-17,0,0,1,0,Mozambique,PT
2020-03-17,0,0,1,0,Mozambique,PT
2020-03-15,0,0,1,0,Mozambique,PT